,1,2,3,4,5,6,7,8,9,10
FRP,0.017579399141630904,0.06626609442060089,0.12940772532188846,0.17637768240343354,0.19186266094420606,0.1349699570815451,0.09720171673819746,0.0915021459227468,0.0465922746781116,0.03121030042918456
MOp,0.013420047877337048,0.05310445138026119,0.10504227144631978,0.14668873670494828,0.16747219781218747,0.15573012939001846,0.12824611375412864,0.08898215205599828,0.05747931880852094,0.03785112572346292
MOs,0.015381842737811664,0.05597305789035984,0.10597707488768689,0.15318439320541183,0.17559055289082665,0.1568322610483711,0.12540848520116465,0.08358611465161774,0.05298093771917061,0.03201438302178081
SSp-n,0.016360803324099723,0.06285708102493075,0.11294581024930749,0.1686612707756233,0.16500389542936292,0.15039603531855958,0.11929752423822716,0.08762551939058172,0.05838815789473685,0.028317607340720224
SSp-bfd,0.01805177649479761,0.06410222673662826,0.12088374761195521,0.16138709219036992,0.1748443494781826,0.15026130341194363,0.11635764621675813,0.08052250156571529,0.05383429205984979,0.028088143193217157
SSp-ll,0.015820626824145548,0.05548130165571042,0.09732413191129537,0.14372221161452223,0.17680914323122662,0.17920951419764872,0.12372821254193828,0.08327650636916614,0.05466299337170289,0.027467881399852703
SSp-m,0.014628147428577333,0.0524360438379381,0.11045258899091101,0.15305558282652393,0.1691305268923325,0.15853790865546086,0.12133456655522887,0.08843544445075982,0.056962450460133,0.03433558448000579
SSp-ul,0.01596027486582735,0.05282640316998544,0.111511260470482,0.13410242263128852,0.15731554396348493,0.16963434819681994,0.13300897828158698,0.08761599036966443,0.05964789085619701,0.03490996639414154
SSp-tr,0.015729453401494294,0.07224313240829165,0.1281950452221785,0.1817875400258412,0.17229369136565356,0.1521824616594573,0.1075220493230717,0.08673670018538282,0.04449188247851243,0.016852985787315315
SSp-un,0.01466035330540885,0.050112304983913065,0.11479390517817034,0.15868390699933224,0.18084137679839737,0.1610210647726583,0.12562981849086383,0.08177016936805681,0.05342074910459539,0.02634614217203909
SSs,0.017115029015023053,0.06069295203360801,0.11735959029594471,0.1624585651836766,0.17507008768416657,0.15420994776443722,0.1233159782877302,0.08171073598459351,0.048302983306775286,0.02794986067676157
GU,0.0261648339190568,0.07436798548917356,0.13852170955673962,0.17484412198163476,0.17986622831878474,0.15918830064618525,0.1093866908513774,0.06821222083663984,0.037796168234894005,0.016370026074141255
VISC,0.023061355756710544,0.08267574478766296,0.12697864863592864,0.17288172818976202,0.19115824482688296,0.1565191472004769,0.1180364902812858,0.06549738794848062,0.035188177525375335,0.01750780477856392
AUDd,0.02232569245463228,0.06058978032473734,0.12225405921680993,0.1607569245463228,0.15419054441260743,0.17048710601719197,0.11246418338108882,0.07903533906399236,0.05211318051575931,0.03987583572110792
AUDp,0.022514504219409277,0.0690598628691983,0.12153876582278479,0.16656777426160332,0.1726331751054852,0.16518328059071727,0.11774789029535862,0.07255406118143458,0.044237869198312234,0.028711761603375522
AUDpo,0.02657555049354594,0.0900531511009871,0.13409263477600608,0.19225512528473807,0.18192862566438878,0.14912680334092634,0.10235383447228551,0.0595292331055429,0.03280182232346242,0.017767653758542144
AUDv,0.02723408230952492,0.0918858317372822,0.13486242817769886,0.1858270659130191,0.1667211659737469,0.15639744008969028,0.09683748306628673,0.06675386555799505,0.03129817349465128,0.02639323585742981
VISal,0.014576998747987839,0.05312108746199249,0.11214451797531748,0.21203720264711146,0.19871221606152747,0.17814344482203542,0.08415310320157396,0.08093364335539262,0.02682883205151136,0.0098372384188875
VISam,0.011358942585708385,0.050392399834779014,0.11002684840974804,0.12623915737298635,0.19108839322593968,0.18200123915737296,0.11704874019000412,0.08736059479553902,0.059118133002891364,0.031650144568360176
VISl,0.027834351663272233,0.06464509315833145,0.09481783208870785,0.16172588066681753,0.18390284378064417,0.1740212717809459,0.1439993965452214,0.06984989062382138,0.04684317718940937,0.016821301953684847
VISp,0.02536097908530921,0.06682058820876811,0.13112491995779182,0.16063456560755415,0.1832718549048963,0.15721642511205908,0.12014899124270602,0.07862625023674456,0.03780697877866864,0.02068921978012067
VISpl,0.026531299080098728,0.07437738389050932,0.14897913394660087,0.18269015032533095,0.17051828584249495,0.13989230424052054,0.09356069104779,0.0742652008077182,0.05440879515369083,0.017612743998205074
VISpm,0.020719155193156,0.07418794278839728,0.12605266675578133,0.18199438577730254,0.18085817404090368,0.15599518780911645,0.11542574522122713,0.06135543376553938,0.0435102259056276,0.01817938778238204
VISli,0.023048928427011724,0.11281843914274162,0.14799838253133846,0.18014557217953903,0.17387788111605337,0.15082895268904167,0.10574201374848362,0.05560048524059847,0.035988677719369186,0.006267691063485644
VISpor,0.027851503443641863,0.09675793717453383,0.1543759449017302,0.1743658659499412,0.16899042499580041,0.15457752393751048,0.08856038971946917,0.05294809339828657,0.03672098101797413,0.023584747186292623
ACAd,0.021268570102135557,0.06460654596100278,0.1277448932219127,0.18569521819870008,0.18669336118848653,0.14746402042711235,0.11120009285051068,0.07160515320334263,0.039670380687093776,0.023990250696378827
ACAv,0.02516119407932903,0.07060217798478394,0.13246921151646748,0.15853375544910572,0.16213057963567648,0.14886211068936364,0.11572823258358056,0.08190648257114914,0.04944390114534816,0.02879116871923223
PL,0.022258032027394497,0.07523416255413433,0.14131444366110493,0.1886841015655599,0.19169436331285458,0.1539150188561005,0.09484003088595694,0.06507313033650025,0.03642528619867727,0.018151094996698782
ILA,0.04056712014423865,0.1234223897721685,0.16267824946730045,0.21209637764300934,0.18275692509424685,0.10539255859695132,0.08785445009014915,0.05056548106867726,0.02515980986723488,0.00647434846746435
ORBl,0.027034734254222426,0.071084457080145,0.1389499790445164,0.18153065765652884,0.1780395172893542,0.15062455982682563,0.10431078062417097,0.06514779016863764,0.040169717813889394,0.02076969275372338
ORBm,0.021012790394152964,0.06486557034716785,0.1165864936420927,0.16331058656822164,0.17457209978744825,0.17643658873102883,0.12163925867919603,0.07319983592497296,0.040869597643285974,0.02205690420255808
ORBvl,0.019326030837926465,0.07812739831158864,0.1372217958557176,0.18601827949487199,0.17539942789367197,0.1372636572943557,0.09710458382753089,0.07233656596665039,0.04119165561989814,0.02591223051698877
AId,0.024137223042313152,0.07033371210914408,0.12893599396790673,0.17379791779502918,0.18815953895549914,0.15965046426586524,0.11432834552849847,0.06798317810605015,0.03800324968405849,0.019181277855066924
AIp,0.026958496556691487,0.0950309052557309,0.15857593285364655,0.1834103821080251,0.1828959069828974,0.15374721632209082,0.09594961083631608,0.057378675741027924,0.026943797267402123,0.010877474074128517
AIv,0.02269889413961788,0.07151682407919684,0.12946242108416742,0.17520572239558618,0.18276764685943964,0.155817630349165,0.109829408407338,0.07376047199704346,0.04301637250678452,0.020676112147407232
RSPagl,0.018025884316122398,0.06463317616469721,0.12039893668626425,0.17102276034693523,0.18811727496749908,0.16328074975260495,0.11663465083338186,0.07637231503579953,0.04237732114791315,0.019675184818673967
RSPd,0.026849212902538423,0.07287643502117572,0.12636177183496258,0.16567669072796526,0.17269530937857921,0.14201049463282103,0.10920810803611856,0.07740457608608795,0.04779852435873531,0.025264363529819138
RSPv,0.01573928276858687,0.05314819737837671,0.09095928508619454,0.13134019072547937,0.15542967764803717,0.1534528946238318,0.13143562163009614,0.10056372398655786,0.06945324908147754,0.04460031492198523
VISa,0.016201698145901923,0.05748570438398892,0.11683417085427136,0.16613238606827244,0.20538035002599206,0.15577889447236182,0.10925316236354186,0.0732542020447063,0.044403049731415706,0.022309824987003984
VISrl,0.01669417590190992,0.058099504833765594,0.11143598207969814,0.14817260080169767,0.17547748172600794,0.16250884225418527,0.11964159396368777,0.08252770572978069,0.06687102098561658,0.02372082056118839
TEa,0.03405162330066803,0.10948506667359828,0.18790777468742687,0.18749187699825842,0.1806815523381248,0.13893582178784017,0.08429726287333314,0.04130383925554313,0.020716903641704136,0.006602375815549373
PERI,0.06048330772454252,0.10504260371560273,0.15742422125995248,0.19052940354798154,0.17348791730688642,0.14478279089258275,0.07941053219723423,0.04937840480514037,0.026470177399078084,0.006774689202402569
ECT,0.03795553394386363,0.11348839722289761,0.1667071885890267,0.20722911094902344,0.2015560418186239,0.1268876462166032,0.06618580652132805,0.0404949077450901,0.0200178296458384,0.011913445173839049
MOB,0.0744653344660732,0.18908137258523255,0.23942673512355483,0.19776160750563293,0.12680530417759392,0.09079156355040077,0.041111070069811254,0.018099213238281682,0.008569423410778267,0.007239685295312673
AOB,0.06805074971164936,0.1707035755478662,0.27450980392156865,0.13494809688581313,0.11303344867358707,0.12110726643598616,0.021914648212226065,0.03690888119953864,0.05074971164936563,0.008073817762399077
AON,0.034978002290991864,0.11115796777657148,0.18253761742828692,0.2069369797788565,0.17815302988159223,0.12965039942814932,0.08158742406977058,0.040558930232419035,0.01934183333183791,0.007587788953590967
TT,0.02165798519580759,0.0837638921107573,0.1655454564625994,0.19504839832134802,0.17817752377738885,0.14850587317320063,0.08477614458339486,0.05928003542883655,0.03171724414264325,0.015605558953162235
DP,0.0326619488296135,0.09678824169842135,0.11682090364725096,0.1849755035383778,0.18018508437670117,0.17419706042460534,0.11540555253130104,0.04637996733805118,0.0351660315732172,0.01643984757757213
PIR,0.03452034041105949,0.10215423620075284,0.16573782783115484,0.19742140941309233,0.1783447860063537,0.1375402904779204,0.08383511242685876,0.05187326567367224,0.02621876280213027,0.013132570165335887
NLOT,0.07458656766790416,0.13128585892676342,0.15221059736753292,0.22375970300371245,0.16233547080661492,0.12116098548768141,0.0941613229834627,0.031049611879851502,0.008437394532568343,0.0010124873439082012
COAa,0.05786196159833939,0.17384535547483138,0.22249610793980285,0.2048521017125065,0.1633367929423975,0.1046964193046186,0.05345096004151532,0.0068759730150493,0.005708354955889985,0.0012973533990659058
COAp,0.02292084438406968,0.08001811242641825,0.14837095974297598,0.17381460637816154,0.1861483062725057,0.15667248851801535,0.1101192401405869,0.06882722038941715,0.03133018522112253,0.015158375919097824
PAA,0.0490006447453256,0.1173436492585429,0.13797549967762737,0.17730496453900713,0.1727917472598324,0.12314635718891041,0.08446163765312703,0.06995486782720826,0.0428755641521599,0.023210831721470024
TR,0.02351500306184935,0.09225352112676054,0.14663196570728718,0.19461114513165947,0.18769136558481317,0.1513472137170851,0.087109614206981,0.0618187385180649,0.02682180036742192,0.016227801592161663
CA1,0.0384421703548237,0.1052181200963475,0.16053519361063764,0.20647634273801638,0.18803966588255175,0.13183342019635735,0.07965750144380429,0.047627935148535756,0.023280464271125314,0.01137436085247841
CA2,0.04492804492804493,0.0913770913770914,0.1628641628641629,0.1443781443781444,0.204984204984205,0.1196911196911197,0.07394407394407394,0.06786006786006787,0.045981045981045986,0.021060021060021063
CA3,0.04255714551198662,0.1335204765304825,0.16740187208403837,0.18717906082805974,0.1635677187765921,0.12173436751141932,0.08715852072105557,0.04394604798560236,0.025831629808585766,0.011492678919003511
DG,0.04105326552462528,0.1413861750535332,0.17324678800856533,0.20546707708779444,0.1844218415417559,0.12249063169164884,0.0712326017130621,0.03523153104925054,0.014520877944325484,0.0061897751605995725
ENTl,0.027092082867530794,0.0807021784451763,0.13055563948394114,0.15243073390337494,0.15949078969896566,0.15274294749775913,0.12224672931081366,0.07494133405847458,0.04610689790615464,0.030496218186945444
ENTm,0.046779736171156196,0.12728633189225144,0.1773362154971733,0.19051841998300265,0.1690869452758379,0.11707866829250269,0.07512101393045857,0.04762960499575066,0.025098843439382183,0.013616376602741752
PAR,0.05044813496770792,0.12251219190720969,0.19194016080137077,0.19826677211018848,0.16894029260577303,0.10382891788585738,0.07832476604718598,0.048438117833135626,0.02092394885989192,0.009588770264926848
POST,0.061819779625498554,0.1429730277834111,0.2296018387074968,0.22456567295342394,0.16406408436422634,0.1025823024403434,0.04333130534712364,0.020516460488068683,0.007638748056513216,0.0018251875887243965
PRE,0.05488035264483628,0.1392002518891688,0.20456549118387912,0.20938287153652396,0.17377204030226703,0.11017002518891689,0.05371536523929472,0.028400503778337537,0.01684508816120907,0.007934508816120909
SUB,0.046171221541351705,0.1046875698886255,0.17535894798049828,0.20858120499172522,0.17613051840586844,0.12711902312474843,0.07507715704253702,0.044974728273024116,0.021570425370130163,0.013385069553160085
ProS,0.05379475758094911,0.13112900462566385,0.1571697789960596,0.19902347096111014,0.16486208668836727,0.1299468905259551,0.07762549254754153,0.04651362001027924,0.018382730854891206,0.01392838787048141
HATA,0.01825168107588856,0.08261287223823245,0.10983029138648734,0.16084961041733373,0.14878855801046,0.1418507845020813,0.14302486924965307,0.0833600170775963,0.05027217419148254,0.03191375813854199
APr,0.037292197094503515,0.12640407368578702,0.22914482552044332,0.20667964654785081,0.21446757525834953,0.10843193050771303,0.03998801857121461,0.029204732664370223,0.005691178673056762,0.0011981428785382657
CLA,0.022435506959461518,0.06359455425943411,0.12405582797794902,0.17004614260043246,0.1927519568726586,0.16628849023847958,0.11661285901379709,0.06783190692291292,0.03944583193738008,0.01994944111107727
EPd,0.02941082045947786,0.07957712113623815,0.13919495062346704,0.17932221237687973,0.1864622259891359,0.1583002658242478,0.10778723786775567,0.06389092216614659,0.030097854143390997,0.012873855478933108
EPv,0.03773026120950068,0.09727734012517522,0.17516634089518054,0.2014847282276057,0.18926336156686213,0.13253963553081008,0.07781002586428162,0.03674307488795435,0.024679658038658216,0.014116764398112498
LA,0.024254722906701456,0.09151084698265449,0.16132772865632702,0.2039426003768662,0.1933130405372759,0.14572160216456492,0.09663236217809344,0.044112673334299655,0.02077595786829009,0.007005846257911775
BLA,0.02870636958032536,0.09889798176067625,0.16899031301856554,0.2112272540315146,0.18619427858226842,0.13273859333115862,0.08335342590097437,0.049016409718184016,0.025387550172323317,0.008935283021543962
BMA,0.034487744920830024,0.10348733521316851,0.18497095895693252,0.2107343407321717,0.19543055455137012,0.12575615164003567,0.0788566746198154,0.031306485431277564,0.021666305159906495,0.008676162244233968
PA,0.03278423399487096,0.09223020585449251,0.1599935309474851,0.16992814730956723,0.18228865836471592,0.14363606958852204,0.09086708407457891,0.06737056119030566,0.02848693482429591,0.015918489938312963
CP,0.02575846183072905,0.07356590444229305,0.12913351780366517,0.17151376363290963,0.1777482225262331,0.15652477382873833,0.11517982643187952,0.07334734143990052,0.04046612789420469,0.020287281781674174
ACB,0.02299216805452389,0.07419823553175131,0.13952004899852744,0.18658730469004522,0.18882546880904907,0.1543232078397644,0.10741233042730365,0.06130289169501022,0.032445235023521896,0.016853669025372373
FS,0.024765739073730166,0.09828326788676087,0.16600275017365784,0.2016699508087495,0.1950213351100778,0.13858607051218438,0.08397952963524757,0.049432245077330905,0.02500673367261592,0.01129839384187919
OT,0.021909088743867003,0.0764451245653313,0.1362835230791216,0.1818046491687705,0.18592209307864524,0.15589124946410707,0.10456163959415042,0.06913614061830133,0.034648454246653644,0.017467131901109892
LSc,0.020231615795909555,0.06600330879708441,0.13123456494113697,0.16989953724794396,0.18904260675665951,0.165598101038195,0.11171745750113889,0.07039585681060732,0.039619248567386765,0.017723643513079337
LSr,0.027393011625137766,0.08421717241646683,0.1487840404969068,0.19729780623293475,0.19791533975420503,0.15164740220539774,0.09621338413908073,0.05119435967589182,0.025047491927756883,0.013170356175612135
LSv,0.05731922398589065,0.11434450323339213,0.14168136390358613,0.26719576719576715,0.24074074074074076,0.13256907701352147,0.04556143445032334,0.0,0.0005878894767783657,0.0
SF,0.039518526575302734,0.10729823798129215,0.16498078456964685,0.20669277064752373,0.18533826408527299,0.13115437604234645,0.09172648828946413,0.047766659415560866,0.01190994126604307,0.008320643898194474
AAA,0.033279408366073494,0.15553501271088516,0.197134273168477,0.1902010630922117,0.19158770510746476,0.09221169401432863,0.07742084585162931,0.027963947307603425,0.012710885139819736,0.006008782066096603
CEA,0.02979700667561939,0.10371538117202857,0.17161985948113115,0.20758646192172203,0.1837449640917849,0.13577003172378896,0.0778692512796559,0.05027150113855316,0.02008524551877153,0.01169693077207528
IA,0.04301360183713123,0.1309839251015721,0.21877760113054223,0.19757993287405043,0.17982688570923858,0.1084614025790496,0.062356474121179985,0.025702172760996282,0.015633280339162687,0.01174704115880586
MEA,0.06586219135020027,0.19571059169497537,0.23759063022866703,0.24930284439486888,0.14019165441362874,0.07382244080515134,0.020382294782740958,0.01232064087613446,0.0027886224205242605,0.0019266845814531254
GPe,0.02752889235164264,0.08524866900402545,0.1649136475782366,0.2089988313206077,0.1793273600831061,0.14550058433969615,0.07758732632125698,0.050772626931567325,0.028957278275548632,0.02025710946630308
SI,0.02578858103554263,0.08217610593907618,0.14741780908155033,0.19210345057435518,0.18848919797661112,0.15128387436028476,0.09628872545752147,0.05960924596914556,0.03142844446419447,0.013227572007317384
MA,0.042899408284023666,0.10835798816568049,0.2355769230769231,0.26701183431952663,0.1198224852071006,0.08875739644970414,0.04807692307692308,0.04031065088757397,0.03920118343195267,0.009985207100591717
MS,0.030598172728839863,0.11592828822616791,0.1820375797276332,0.19677641785898986,0.16195483537321154,0.11575590415445615,0.09455266333390797,0.06766074814687124,0.020255128426133428,0.014480262023789006
NDB,0.02038252128996231,0.1331844199357811,0.19391316487505234,0.1982409604914142,0.1994974172832612,0.12159709618874774,0.06924472986178976,0.05011866536367444,0.010470473265391597,0.0033505514449253104
TRS,0.049745576061365544,0.14642667274246224,0.17361585782638417,0.1572112098427888,0.23186754765702136,0.14057871952608797,0.06409964304701148,0.0177717019822283,0.017164122427280323,0.0015189488873699403
BST,0.04674910595027791,0.11676504804170797,0.20328320909991815,0.19944848980998753,0.16506527640139604,0.1267180835020897,0.07023137575940368,0.04381920806583653,0.020940152527036928,0.004610280494635702
VM,0.008594704684317719,0.03337406653088934,0.07433129667345553,0.12264765784114054,0.1653767820773931,0.17571622539035983,0.149918533604888,0.12194161575016974,0.07085539714867618,0.03928716904276986
VPL,0.017706509629158047,0.09497851344898935,0.12450262613401243,0.1081489734203406,0.15076396625815697,0.1476205634251154,0.11109342670698712,0.11352061117300653,0.06792137513926469,0.03406016234282986
VPM,0.030413309072004163,0.10082067659400648,0.1253852723829329,0.13687845816777455,0.15793382598685435,0.13075123472835978,0.1139106539418471,0.08914181737160683,0.05869137361209106,0.026495599539529877
MG,0.14553990610328638,0.21971830985915491,0.18309859154929578,0.11408450704225351,0.06291079812206574,0.06267605633802817,0.062206572769953054,0.09131455399061032,0.007746478873239437,0.04225352112676056
LGd,0.030642579464898234,0.04882231877429682,0.0696318316944889,0.10770638005945575,0.14223645094900525,0.13994969128744567,0.1344614680997027,0.10553395838097414,0.05168076835124628,0.06311456665904412
LP,0.005980484734025808,0.033889413492812916,0.09316965690903366,0.14993180148987512,0.17332913650194098,0.19431329346343507,0.14940719756583776,0.08970727101038714,0.05413912496065469,0.02822369111320952
PO,0.004821988266495218,0.05239893916258138,0.06702563690428354,0.10881620188057542,0.13075624849312867,0.15277666157679018,0.16113477457204856,0.12858635377320582,0.08976934822791932,0.05272040504701439
AM,0.013443335420426507,0.050237560310854114,0.09439799639055653,0.15306986851313029,0.19214761887223308,0.17480019152149096,0.11741740635704027,0.10294280137011529,0.03966704725424479,0.02828625096681522
MD,0.01156434927948683,0.033575010163978854,0.06851651081899082,0.10936441252202193,0.15862583005827346,0.17620951348421193,0.16273659484121603,0.12633825721642494,0.076512174188011,0.04152550029362605
SMT,0.0017582969637979216,0.02135074884611762,0.0600332820496719,0.0957643882068511,0.13124430908348772,0.17344343621463784,0.15542089233570913,0.14851329712078873,0.10421049326509468,0.05328267763509059
PVT,0.030769230769230778,0.08869195320808225,0.1502304147465438,0.16604041120170157,0.19007444168734497,0.174406238922368,0.1003899326479972,0.03771712158808934,0.017015242821694438,0.019709322935129392
PT,0.015380268044566445,0.04836105280155013,0.09494590666881964,0.18714677862102372,0.21342644921685772,0.15896980461811722,0.12049895042790247,0.07052317132246083,0.04440497335701598,0.031123849507508475
RE,0.017951534289833187,0.04932381410036385,0.11731996979474156,0.1975698496601909,0.19547607606233272,0.1984966019084232,0.11436809226333496,0.06092537928193864,0.03456442644333082,0.008512391020800442
CM,0.021631921093925126,0.043319883434207576,0.10900022416498542,0.1507509527011881,0.23212284241201525,0.1865613091235149,0.11107375028020623,0.07459089890159158,0.04382425465142345,0.014346559067473662
RT,0.03936265263575896,0.09803434925047157,0.11764121910056587,0.16966147125980344,0.15323141070187632,0.16469770674079223,0.09560210463615607,0.07847711704556737,0.03241338230914326,0.019259406333763527
IGL,0.07481751824817517,0.12956204379562045,0.07360097323600974,0.17274939172749393,0.09854014598540146,0.08394160583941605,0.1070559610705596,0.12226277372262774,0.06569343065693431,0.03710462287104623
LGv,0.003930951974021534,0.017091095539224062,0.013160143565202528,0.08152452572209877,0.10357203896769782,0.17227824303537853,0.16595453768586563,0.13177234660741752,0.09451375833190906,0.08870278584857287
ARH,0.17702312138728324,0.20664739884393066,0.2514450867052023,0.1726878612716763,0.08598265895953758,0.07008670520231214,0.025289017341040464,0.01083815028901734,0.0,0.0
DMH,0.03687943262411347,0.43073286052009463,0.3111111111111111,0.1484633569739953,0.07281323877068559,0.0,0.0,0.0,0.0,0.0
MPO,0.10354872881355932,0.19359110169491525,0.22775423728813557,0.1808792372881356,0.140625,0.07706567796610168,0.03734110169491526,0.03363347457627119,0.005561440677966102,0.0
SBPV,0.05525606469002694,0.27156334231805923,0.2088948787061994,0.17924528301886786,0.1415094339622641,0.05795148247978435,0.034366576819406996,0.029649595687331526,0.018867924528301883,0.0026954177897574117
SCH,0.040318566450970636,0.10751617720258835,0.25037332005973123,0.2563464410154306,0.19213539074166253,0.06719761075161773,0.07317073170731707,0.008959681433549029,0.003982080637132902,0.0
AHN,0.04165247985472705,0.2046305754170923,0.22993984791737604,0.2552491204176598,0.146294404721371,0.06843718079673136,0.032005447735784814,0.021790943139257748,0.0,0.0
TMv,0.0430178254291916,0.10307176215220679,0.1910149312635664,0.20417022955995523,0.20759060711701635,0.13510491350391368,0.06597382095639018,0.024534631322765243,0.012365980398605536,0.00861672038413471
MPN,0.1427297056199822,0.3715432649420161,0.2292595896520964,0.14406779661016952,0.06467439785905442,0.04014272970561999,0.004014272970561999,0.0035682426404995546,0.0,0.0
PMv,0.1023262885814201,0.20434848715219703,0.2882773300897065,0.22989204804622165,0.09441994830469819,0.057016876995590694,0.01566063554812224,0.007906340276721909,0.00015204500532157517,0.0
PH,0.0655931293612453,0.22565754159957058,0.25485775630703167,0.22962962962962963,0.12689210950080515,0.05249597423510467,0.025120772946859903,0.01266774020397209,0.003864734299516908,0.00322061191626409
LHA,0.031831720029784065,0.12946760982874161,0.22468354430379747,0.24274013402829486,0.19089724497393892,0.10368577810871184,0.047933730454207,0.02056962025316456,0.006608339538346984,0.0015822784810126582
PSTN,0.020180120080053373,0.08755837224816546,0.1812875250166778,0.18762508338892597,0.22431621080720487,0.12708472314876587,0.09806537691794531,0.04836557705136759,0.020180120080053373,0.0026684456304202804
TU,0.06931447225244831,0.1632208922742111,0.21164309031556042,0.21817192600652882,0.17595212187159956,0.09869423286180631,0.04700761697497279,0.014581066376496192,0.0014145810663764961,0.0
ZI,0.01360388581887297,0.04089965154341628,0.08633979796557671,0.1678575199746577,0.1751962268135581,0.17959593115342648,0.13720038013445496,0.08278483685896307,0.05584104748160923,0.03621836612579634
SCs,0.040279269602577876,0.13533834586466167,0.16890440386680988,0.22798066595059077,0.19683136412459723,0.144468313641246,0.052631578947368425,0.01691729323308271,0.008861439312567132,0.006713211600429646
IC,0.0518018018018018,0.14029160739687052,0.2179943100995732,0.2389165481270744,0.16903745851114269,0.10461119013750592,0.046586059743954474,0.017899478425794212,0.01001659554291133,0.0021929824561403503
SNr,0.0403870424905343,0.17795540597391674,0.21539755994951626,0.23432898611695419,0.18805216659655033,0.07698779974758099,0.0382835506941523,0.010938157341186371,0.00378628523348759,0.008834665544804377
VTA,0.039984621299500187,0.13097526592336278,0.21376393694732793,0.21991541714725102,0.15878508266051516,0.12828399333589643,0.06420607458669741,0.02332436242470844,0.005126233499935922,0.01499423298731257
MRN,0.06403990527535648,0.17398095430039806,0.25893082077895907,0.22366100670126468,0.15614450546682118,0.07673703834332644,0.028770091197662117,0.014813321912631633,0.0009069380762835692,0.0017131052552022976
SCm,0.05921310755033822,0.16845838760809181,0.24531144556568688,0.21831792714888815,0.1532196048274455,0.08728950548502018,0.04494734694518119,0.014187291074875628,0.005335928059134639,0.002197146847878969
PAG,0.0678372098593911,0.16897022540541837,0.2556590892758761,0.2502215728076269,0.13965075334754595,0.07380171030253671,0.027307351426449807,0.01130620164323185,0.004215871799171198,0.0010300141327520542
APN,0.11093247588424437,0.13344051446945338,0.20257234726688103,0.30064308681672025,0.15112540192926044,0.10128617363344052,0.0,0.0,0.0,0.0
SNc,0.023538642604943115,0.0690466849744998,0.16594743036484896,0.23264025107885444,0.2706943899568458,0.15457041977245978,0.04746959591996862,0.03060023538642605,0.005492349941153394,0.0
DR,0.019085411942554798,0.09750566893424037,0.21825396825396826,0.23563869992441422,0.21409674981103555,0.12509448223733938,0.05895691609977324,0.021164021164021166,0.006046863189720332,0.0041572184429327285
NLL,0.0,0.2777777777777778,0.2777777777777778,0.4444444444444445,0.0,0.0,0.0,0.0,0.0,0.0
PSV,0.06666666666666667,0.13103448275862067,0.20919540229885056,0.2206896551724138,0.17701149425287355,0.1264367816091954,0.059770114942528735,0.0,0.009195402298850575,0.0
PB,0.06941473847948668,0.210383044915419,0.2529651954112386,0.2097997277853393,0.1495236243437682,0.06610927474236827,0.026443709896947307,0.007194244604316547,0.005444293214077387,0.00038887808671981335
SOC,0.026548672566371685,0.4424778761061947,0.18584070796460178,0.14159292035398233,0.1769911504424779,0.026548672566371685,0.0,0.0,0.0,0.0
PG,0.0588235294117647,0.16079945491710196,0.2226322961617079,0.24642289348171698,0.15591642062230296,0.08937088348853053,0.038099023393141036,0.02254144901203724,0.0030660913013854187,0.0014194867136043605
PRNc,0.0617283950617284,0.09135802469135804,0.2806584362139918,0.21646090534979426,0.2156378600823045,0.06502057613168724,0.023868312757201644,0.03621399176954732,0.0,0.00905349794238683
TRN,0.050752406766987564,0.1262734835031311,0.1877745583699411,0.21777736237031498,0.18870922516122998,0.11907654921020655,0.06477240863632114,0.03252640433685391,0.011029068137209084,0.0011216001495466866
CS,0.09269009428186605,0.21990939145341004,0.2527243785967919,0.18599240847312354,0.14068813517815598,0.051181584425125506,0.04101873392922738,0.015795273662299495,0.0,0.0
PRNr,0.06342978584273336,0.2166094490763446,0.2769331371587379,0.30897498773908777,0.08402811835867255,0.03547490599967304,0.012097433382376982,0.0022887036128821318,0.00016347882949158083,0.0
VCO,0.07692307692307693,0.9230769230769231,0.0,0.0,0.0,0.0,0.0,0.0,0.0,0.0
CU,0.024999999999999998,0.13,0.36999999999999994,0.19,0.06,0.045,0.024999999999999998,0.09,0.05499999999999999,0.0
GR,0.0,0.12307692307692307,0.061538461538461535,0.07692307692307691,0.5076923076923077,0.19999999999999998,0.030769230769230767,0.0,0.0,0.0
NTS,0.07240437158469945,0.19262295081967215,0.24453551912568305,0.20901639344262293,0.15300546448087432,0.07650273224043716,0.03005464480874317,0.01639344262295082,0.00546448087431694,0.0
SPVC,0.0167890870933893,0.06190975865687304,0.23294858342077654,0.1920251836306401,0.24134312696747118,0.12067156348373559,0.058761804826862545,0.0167890870933893,0.006295907660020987,0.04616998950682057
SPVI,0.125703564727955,0.19887429643527205,0.2682926829268293,0.09193245778611633,0.14258911819887432,0.022514071294559103,0.03377110694183866,0.0,0.09943714821763602,0.01688555347091933
SPVO,0.03883495145631069,0.13349514563106799,0.27912621359223305,0.15291262135922334,0.27912621359223305,0.08980582524271846,0.02184466019417476,0.004854368932038836,0.0,0.0
VII,0.08333333333333333,0.4010416666666667,0.15104166666666669,0.08333333333333333,0.19270833333333334,0.05729166666666667,0.0,0.03125,0.0,0.0
GRN,0.11469933184855233,0.22494432071269485,0.15256124721603564,0.21937639198218262,0.17817371937639198,0.09131403118040089,0.01893095768374165,0.0,0.0,0.0
IO,0.0797799174690509,0.11554332874828062,0.24759284731774417,0.23108665749656124,0.11691884456671253,0.12104539202200826,0.0674002751031637,0.011004126547455296,0.009628610729023384,0.0
IRN,0.09880239520958085,0.24251497005988026,0.18712574850299404,0.17964071856287428,0.18413173652694614,0.04041916167664671,0.06437125748502995,0.0029940119760479044,0.0,0.0
LRN,0.0,0.05172413793103448,0.15517241379310345,0.27586206896551724,0.5172413793103449,0.0,0.0,0.0,0.0,0.0
MARN,0.11764705882352941,0.25330132052821125,0.3157262905162065,0.15726290516206484,0.1056422569027611,0.03361344537815126,0.013205282112845138,0.0,0.003601440576230492,0.0
MDRNd,0.03411513859275053,0.2281449893390192,0.49680170575692967,0.12153518123667377,0.08102345415778252,0.027718550106609813,0.010660980810234541,0.0,0.0,0.0
MDRNv,0.0410958904109589,0.4657534246575342,0.3287671232876712,0.1643835616438356,0.0,0.0,0.0,0.0,0.0,0.0
PARN,0.05174701459531181,0.26271561256081377,0.2450243255196815,0.18752764263600177,0.15656789031402032,0.06191950464396285,0.026094648385670053,0.00221141088014153,0.004865103936311366,0.001326846528084918
PGRNd,0.108843537414966,0.0,0.39455782312925175,0.3197278911564626,0.01360544217687075,0.16326530612244897,0.0,0.0,0.0,0.0
PGRNl,0.02150537634408602,0.27956989247311825,0.1075268817204301,0.08602150537634408,0.3763440860215054,0.05376344086021505,0.03225806451612903,0.04301075268817204,0.0,0.0
PRP,0.07468879668049795,0.13381742738589214,0.39419087136929465,0.22717842323651458,0.09647302904564317,0.05601659751037345,0.017634854771784236,0.0,0.0,0.0
MV,0.07951482479784368,0.25134770889487873,0.2607816711590297,0.22708894878706204,0.05727762803234502,0.06603773584905662,0.005390835579514825,0.008086253369272238,0.03369272237196766,0.01078167115902965
SPIV,0.15476190476190474,0.17857142857142855,0.11904761904761903,0.3571428571428571,0.15476190476190474,0.011904761904761904,0.023809523809523808,0.0,0.0,0.0
CENT,0.06871489924017178,0.1747604889329369,0.2259663032705649,0.2081268582755203,0.1698050875454245,0.05946481665014866,0.05517013544763793,0.025107367030062767,0.007928642220019821,0.004955401387512388
CUL,0.0,0.3804347826086956,0.3695652173913043,0.10869565217391304,0.010869565217391304,0.09782608695652174,0.03260869565217391,0.0,0.0,0.0
DEC,0.0,0.11538461538461539,0.6538461538461537,0.0,0.23076923076923078,0.0,0.0,0.0,0.0,0.0
FOTU,0.0,1.0,0.0,0.0,0.0,0.0,0.0,0.0,0.0,0.0
SIM,0.010309278350515464,0.31958762886597936,0.14432989690721648,0.05154639175257732,0.11340206185567009,0.19587628865979378,0.020618556701030927,0.08247422680412371,0.06185567010309278,0.0
AN,0.19999999999999998,0.35652173913043467,0.21739130434782605,0.13913043478260867,0.08695652173913042,0.0,0.0,0.0,0.0,0.0
COPY,0.0,0.0,0.0,0.6666666666666666,0.3333333333333333,0.0,0.0,0.0,0.0,0.0
PFL,0.0,0.22772277227722773,0.019801980198019802,0.039603960396039604,0.1089108910891089,0.099009900990099,0.019801980198019802,0.099009900990099,0.07920792079207921,0.1386138613861386
FL,0.0,0.3636363636363636,0.0,0.6363636363636364,0.0,0.0,0.0,0.0,0.0,0.0
