AGE,Cerebellum,CorticalSubplate,HippocampalFormation,Hypothalamus,Isocortex,Midbrain,Medulla,OlfactoryAreas,Pallidum,Pons,Striatum,Thalamus,FibreTracts,Cerebellum_ANcr1gr,Cerebellum_ANcr1mo,Cerebellum_ANcr2gr,Cerebellum_ANcr2mo,Cerebellum_CENT2gr,Cerebellum_CENT2mo,Cerebellum_CENT3gr,Cerebellum_CENT3mo,Cerebellum_COPYgr,Cerebellum_COPYmo,"Cerebellum_CUL4,5gr","Cerebellum_CUL4,5mo",Cerebellum_DECgr,Cerebellum_DECmo,Cerebellum_FN,Cerebellum_FOTUgr,Cerebellum_FOTUmo,Cerebellum_IP,Cerebellum_NODgr,Cerebellum_NODmo,Cerebellum_PRMgr,Cerebellum_PRMmo,Cerebellum_PYRgr,Cerebellum_PYRmo,Cerebellum_SIMgr,Cerebellum_SIMmo,Cerebellum_UVUgr,Cerebellum_UVUmo,CorticalSubplate_CLA,CorticalSubplate_EPd,HippocampalFormation_CA1slm,HippocampalFormation_CA1so,HippocampalFormation_CA1sp,HippocampalFormation_CA1sr,HippocampalFormation_CA2slm,HippocampalFormation_CA2so,HippocampalFormation_CA2sp,HippocampalFormation_CA2sr,HippocampalFormation_CA3slm,HippocampalFormation_CA3slu,HippocampalFormation_CA3so,HippocampalFormation_CA3sp,HippocampalFormation_CA3sr,HippocampalFormation_DGgrInf,HippocampalFormation_DGgrSup,HippocampalFormation_DGmoInf,HippocampalFormation_DGmoSup,HippocampalFormation_DGmoV,HippocampalFormation_DGpo,HippocampalFormation_DGpoV,HippocampalFormation_DGspV,HippocampalFormation_SUB,Hypothalamus_LHA,Hypothalamus_LM,Hypothalamus_LPO,Hypothalamus_PSTN,Hypothalamus_SO,Hypothalamus_STN,Hypothalamus_ZI,Isocortex_FRP,Isocortex_MO,Isocortex_ORB,Isocortex_PTLp,Isocortex_RSPd,Isocortex_RSPv,Isocortex_SS,Isocortex_VIS,Midbrain_APN,Midbrain_CUN,Midbrain_IC,Midbrain_MEV,Midbrain_MRN,Midbrain_NOT,Midbrain_PAG,Midbrain_PPN,Midbrain_PPT,Midbrain_RN,Midbrain_RR,Midbrain_SCm,Midbrain_SCs,Midbrain_SNc,Midbrain_SNr,Midbrain_VTA,Medulla_AMB,Medulla_CU,Medulla_ECU,Medulla_GRN,Medulla_IO,Medulla_IRN,Medulla_LAV,Medulla_LI,Medulla_LRN,Medulla_MDRN,Medulla_MV,Medulla_MX,Medulla_NTS,Medulla_PARN,Medulla_PGRNl,Medulla_SOL,Medulla_SPIV,Medulla_SPVC,Medulla_SPVI,Medulla_SPVO,Medulla_SUV,Medulla_VII,Medulla_X,OlfactoryAreas_AOBgl,OlfactoryAreas_AOBgr,OlfactoryAreas_AOBmi,OlfactoryAreas_AON1,OlfactoryAreas_AON2,OlfactoryAreas_MOBgl,OlfactoryAreas_MOBgr,OlfactoryAreas_MOBipl,OlfactoryAreas_MOBmi,OlfactoryAreas_MOBopl,OlfactoryAreas_PIR1,OlfactoryAreas_PIR2,OlfactoryAreas_PIR3,Pallidum_BST,Pallidum_GPi,Pallidum_MA,Pallidum_NDB,Pallidum_SI,Pons_LAV,Pons_LC,Pons_NLL,Pons_PB,Pons_PG,Pons_PRNc,Pons_PRNr,Pons_SOC,Pons_SUT,Pons_TRN,Pons_V,Striatum_ACBc,Striatum_ACBsh,Striatum_CP,Striatum_FS,Striatum_isl,Striatum_OT1,Striatum_OT2,Striatum_OT3,Thalamus_AD,Thalamus_AV,Thalamus_LD,Thalamus_LP,Thalamus_PF,Thalamus_PO,Thalamus_RT,Thalamus_SPFp,Thalamus_VAL,Thalamus_VM,Thalamus_VPL,Thalamus_VPM,Thalamus_VPMpc
1,3.67625,2.595,2.37875,6.70375,1.94625,8.43375,,2.595,5.19,9.515,1.73,7.56875,0.4325,,,,,,,,,,,,,,,,,,,,,,,,,,,,,,,,,,,,,,,,,,,,,,,,,,,,,,,,,,,,,,,,,,,,,,,,,,,,,,,,,,,,,,,,,,,,,,,,,,,,,,,,,,,,,,,,,,,,,,,,,,,,,,,,,,,,,,,,,,,,,,,,,,,,,,,,,,,,
1,0,0,0,0,0,0,0,0,0,0,0,0,0,,,,,,,,,,,,,,,,,,,,,,,,,,,,,,,,,,,,,,,,,,,,,,,,,,,,,,,,,,,,,,,,,,,,,,,,,,,,,,,,,,,,,,,,,,,,,,,,,,,,,,,,,,,,,,,,,,,,,,,,,,,,,,,,,,,,,,,,,,,,,,,,,,,,,,,,,,,,
1,1.2975,0.865,0.21625,3.24375,0.64875,3.0275,5.6225,2.37875,3.24375,3.46,1.08125,2.81125,0,,,,,,,,,,,,,,,,,,,,,,,,,,,,,,,,,,,,,,,,,,,,,,,,,,,,,,,,,,,,,,,,,,,,,,,,,,,,,,,,,,,,,,,,,,,,,,,,,,,,,,,,,,,,,,,,,,,,,,,,,,,,,,,,,,,,,,,,,,,,,,,,,,,,,,,,,,,,
1,0.21625,0,0,0.21625,0,0.4325,0.64875,0,0.21625,0.4325,0,0.21625,0,,,,,,,,,,,,,,,,,,,,,,,,,,,,,,,,,,,,,,,,,,,,,,,,,,,,,,,,,,,,,,,,,,,,,,,,,,,,,,,,,,,,,,,,,,,,,,,,,,,,,,,,,,,,,,,,,,,,,,,,,,,,,,,,,,,,,,,,,,,,,,,,,,,,,,,,,,,,
1,3.46,8.2175,5.6225,9.73125,4.7575,10.38,13.4075,7.3525,5.83875,10.38,5.6225,9.0825,0.865,,,,,,,,,,,,,,,,,,,,,,,,,,,,,,,,,,,,,,,,,,,,,,,,,,,,,,,,,,,,,,,,,,,,,,,,,,,,,,,,,,,,,,,,,,,,,,,,,,,,,,,,,,,,,,,,,,,,,,,,,,,,,,,,,,,,,,,,,,,,,,,,,,,,,,,,,,,,
7,6.11678571428572,10.8605555555556,20.4510526039784,14.2739233314374,13.1056040870015,18.5243015855312,14.239360935093,10.8398844565533,9.57590650469124,12.9282432432432,14.3388567926156,12.6534606522526,,,,,,,,5.77696428571428,6.96633928571428,,,5.43714285714285,5.77696428571428,3.73803571428572,2.37875,0,7.81589285714285,2.54866071428572,14.9521428571428,6.45660714285715,3.22830357142857,,,6.11678571428572,4.07785714285715,,,10.5344642857143,3.05839285714285,0,11.4639197530864,33.1486841657893,20.9005262875823,2.92157894342549,31.6878946940764,46.6328946739069,45.1721052021941,5.16894736144509,30.7889473268687,48.9926315128275,13.2594736663157,21.2376315502853,2.8092105225245,33.598157849393,0.898947367207843,0.898947367207843,24.2715789146117,41.2392104706597,,8.98947367207843,,,19.5521052367706,16.5277006995591,,13.021824793592,,0,12.771405086023,15.7764415768519,14.2619809182076,15.0328988056782,11.5637683120602,13.8765219744722,11.1783093683248,15.2256282775459,14.3583456541414,10.2146620089865,16.8181159131797,16.2087638873398,21.6929321198983,,18.2805607751953,21.4491913095625,,12.4307813271328,25.9583963007774,,17.0618567235156,23.155376981914,21.8148025250663,11.2120772754531,8.04344674108592,,,,,,,,7.40446768624833,,10.9168433835713,,9.11319099845951,0,,18.985814580124,16.1379423931054,,,0,20.5046797465339,19.1756727259252,,12.3407794770806,9.49290729006199,,,,23.2942197896145,8.07225438253968,7.84161854303855,7.84161854303855,11.7624278145578,8.07225438253968,30.9052024931518,31.2511562524035,10.1479769380499,13.5002739197531,,3.40547848824621,13.5044835322569,15.7143081102625,9.8214425689141,,,10.4735135135135,13.2555405405405,,15.2989170671124,13.0918918918919,,,,12.4372972972973,16.4896853115079,21.6875208988311,13.0842068232617,18.8197495403079,4.66012845760007,24.017585127631,11.0229961593232,19.357456670031,,13.4698129523979,14.8984294776522,14.4902533275795,,14.2861652525432,10.0003156767802,16.3270460029065,11.2248441269982,13.7759450649524,14.0820771775069,9.38805145167124,
8,2.89586956521739,16.6039453125,18.6530708049741,17.067987058709,5.44944136881363,20.7750963882875,22.6143000799562,11.8028603773506,17.5335797347724,16.3881024096386,15.4238928635077,11.9854021569355,,,,,,,,3.0275,2.10608695652174,,,2.89586956521739,1.84282608695652,0,0,0,4.01472826086956,2.50097826086955,6.97641304347826,3.55402173913044,3.81728260869566,,,3.94891304347826,1.84282608695652,,,4.08054347826087,3.0275,11.5669854117492,18.0636328125,30.4339576291683,22.9481857929615,1.71804599519498,27.795529850833,34.1154847617289,25.4025372146687,2.57706899279246,25.6479723568394,41.2331038846796,13.130780106133,28.9613467761439,2.63842777833515,28.7159116339732,0.245435142170711,0.490870284341423,24.1140027182724,33.5018969063021,,6.25859612535314,,,13.3762152483038,16.8054026424212,,15.8367816959235,16.5428182261333,0,,22.0570909681779,13.7904230557733,13.3455706991354,10.7876696484678,,,,,,19.3745280924479,18.9076719938347,24.2765171278865,,19.4028874488737,17.6238177226484,,20.5416683389809,20.8918104129408,,17.0402475993819,24.04308907858,23.1093768813536,9.33712197226406,12.8385427118631,,22.3630300790678,16.206915057302,,,,24.8757300879518,10.4277050368687,22.1117600781794,20.3528700719607,,15.8300100559694,,,25.629540090617,19.8503300701838,,16.9607250599672,29.1473201030548,26.6346200941708,,15.3274700541926,21.860490077291,,,,,18.3600050314342,10.819288679238,7.45875204402015,6.4751803459076,9.50785974842129,5.57357295597111,22.1303632075324,23.2778635219969,9.3439311320692,16.228933018857,21.7755748318947,,,18.0991790810554,12.4431856182256,,,,19.8585240963855,11.2788704819277,17.3521084337349,15.2312951807229,10.7968674698795,18.7017168674699,,19.2801204819277,15.4238928635077,18.0831847365263,15.6898220508095,16.8265805519187,6.98064116667375,19.4128306730355,9.97234452381962,14.9585167857294,,9.65140278953225,13.6255098205161,11.8592400289677,,14.5086447162903,8.4528625738387,12.237726412871,11.6069157730322,12.4269696048226,12.237726412871,12.1115642849032,
7,4.97375,16.0025,18.38125,12.975,11.6775,13.62375,14.05625,17.08375,10.59625,16.21875,16.8675,13.62375,,,,,,3.8925,3.24375,4.000625,4.325,,,3.46,2.919375,4.54125,3.46,7.56875,8.109375,5.6225,9.0825,6.27125,3.8925,,,6.4875,5.83875,,,7.13625,4.325,9.73125,17.51625,31.78875,24.760625,1.2975,29.19375,52.765,41.0875,1.2975,28.9775,45.19625,9.0825,19.24625,1.73,26.59875,0.64875,0.64875,14.2725,39.033125,,9.73125,,,13.19125,12.32625,,13.19125,11.6775,8.43375,,13.84,24.86875,17.3,14.05625,8.109375,7.3525,6.70375,12.11,6.4875,16.8675,14.813125,15.57,17.7325,14.05625,15.1375,,12.5425,17.408125,,10.38,15.35375,11.6775,6.70375,8.65,,,15.78625,,,,,,,,,14.05625,,,,,,13.62375,,,,11.02875,,,,,,31.78875,9.406875,,,,,,33.08625,6.055,17.7325,11.46125,,13.948125,14.2725,8.00125,,,,17.08375,,,15.78625,,,,,21.949375,27.89625,14.705,17.840625,11.245,32.22125,16.543125,23.7875,,10.8125,16.21875,12.5425,,15.35375,12.32625,12.650625,13.84,14.05625,14.2725,12.11,16.110625
7,2.81125,9.190625,11.46125,7.3525,8.86625,10.8125,14.92125,8.2175,5.6225,11.245,10.16375,8.2175,,,,,,1.621875,0.865,1.51375,0.865,,,2.37875,0.64875,2.81125,0.865,6.27125,,,4.7575,3.568125,0.865,,,3.46,1.08125,,,5.40625,1.73,6.92,9.73125,21.300625,12.32625,0.64875,18.5975,24.22,15.78625,1.08125,19.895,31.35625,10.59625,10.59625,1.08125,17.840625,0.21625,0.21625,9.515,28.1125,,3.8925,,,10.8125,7.13625,,6.4875,8.86625,4.97375,,9.29875,12.975,11.245,8.2175,7.3525,5.19,6.70375,9.0825,6.4875,9.0825,10.38,14.2725,12.5425,10.8125,10.8125,,10.8125,12.866875,,7.785,12.75875,10.59625,5.83875,6.92,,,12.5425,,,,15.57,,16.0025,12.32625,17.08375,9.29875,,,15.78625,14.2725,,9.9475,21.1925,17.191875,,7.56875,12.75875,,21.084375,2.37875,6.055,12.32625,4.7575,5.83875,6.055,10.59625,5.19,28.1125,19.03,4.10875,9.0825,4.7575,1.2975,7.676875,8.65,4.97375,,,8.43375,13.4075,,11.89375,10.59625,9.9475,,,13.62375,13.84,16.21875,9.29875,11.89375,4.10875,12.434375,5.83875,12.75875,,,10.38,9.9475,,9.9475,4.7575,11.245,,,8.65,6.27125,
7,3.8925,20.003125,23.7875,15.35375,20.54375,18.81375,23.57125,23.57125,15.35375,20.11125,22.70625,15.57,,,,,,,,3.351875,1.94625,,,2.81125,2.595,3.67625,1.2975,10.8125,4.7575,1.73,9.515,4.216875,2.486875,,,3.0275,1.51375,,,6.27125,1.94625,17.7325,22.165625,44.5475,25.841875,0.865,34.38375,68.98375,42.60125,5.40625,40.43875,70.389375,18.5975,23.7875,2.595,39.14125,0.64875,0.64875,31.680625,59.144375,,8.325625,,,22.9225,14.705,,14.705,18.056875,12.975,,17.51625,26.3825,26.3825,23.355,16.21875,13.4075,21.625,21.625,11.245,20.3275,15.78625,19.895,15.78625,18.5975,18.921875,,17.7325,23.57125,,17.94875,23.7875,23.13875,11.245,15.1375,,,22.70625,,,,26.59875,,23.57125,27.46375,21.625,15.78625,,,26.16625,24.86875,,17.08375,27.2475,28.436875,,13.19125,24.22,,,,,48.764375,16.8675,19.895,17.51625,30.92375,14.2725,53.738125,50.494375,15.57,26.815,,19.03,17.94875,17.94875,12.75875,,,,21.84125,16.435,19.895,19.24625,17.408125,,,25.73375,29.19375,36.54625,18.38125,20.97625,24.6525,50.6025,32.4375,44.98,,,17.840625,19.4625,,18.165,10.38,22.0575,,,15.1375,14.05625,
15,13.9172321428571,44.2344751381215,70.4780375,29.8540712994258,57.588977049421,27.0683171456218,21.4658160476706,48.9561325966851,25.3570408828351,17.0954391891892,57.3840821923505,37.4352367382511,,,,,,14.705,17.1995982142857,14.1798214285714,16.0179464285714,,,13.9172321428571,16.0179464285714,14.4424107142857,13.1294642857143,12.0791071428572,11.2913392857143,8.40285714285715,10.2409821428572,16.543125,16.8057142857143,,,15.3614732142857,14.4424107142857,,,18.6438392857143,16.8057142857143,42.4949171270719,44.8557458563536,86.5064875,106.070625,11.3142,115.7348375,93.5778625,84.73864375,8.957075,79.670825,92.1635875,43.25324375,69.5351875,17.56058125,85.327925,1.6499875,2.357125,95.4635625,100.413525,,26.871225,,,51.385325,28.8910367413799,,30.4960943381233,30.1750828187747,0,,29.8540712994258,73.3795030145847,65.9486672662725,57.8211906665556,58.7500451350948,52.7124910895909,37.154178741562,58.51783151796,52.9447047067257,27.3502787825553,29.0420486041567,33.5534347950936,,24.8126240501533,25.658508960954,,24.8126240501533,28.3371445118229,,19.7373145853492,29.8879335149575,32.4255882473594,18.0455447637479,11.560427114276,,21.4658160476706,19.875755599695,,,,21.9958361969959,15.6355944050934,27.826057839573,14.575554106443,,13.7805238824552,,,23.8509067196341,18.8157153010446,27.5610477649105,16.4306246290812,27.5610477649105,25.9709873169348,,18.2856951517194,21.7308261223332,,45.1235253351167,34.0061350351603,,67.6852880026751,71.2820907467785,,22.2347805999126,,,,83.8709003511409,53.9520411615526,55.4173480662984,37.5745242172922,17.0583729575437,44.2595622682214,51.1751188726309,23.051855348032,,,,25.30125,18.6910135135135,17.2094087837838,16.8675,11.3969594594595,20.9704054054054,,18.4630743243243,58.789406654204,63.473821527049,58.5551859105617,49.6547976521564,22.3680810178346,62.3027178088378,45.0874931511325,60.1947311160576,,,39.4824762473742,34.9005592507653,,42.8945420959127,20.277419899886,25.7367252575476,,,35.8754352074906,45.6241947747434,
15,25.30125,55.14375,96.66375,35.2904358153844,80.8995868781118,32.4459415961066,25.7856226708758,45.845,49.3475487353481,20.3275,66.8901632188307,55.9791414220147,,,,,,19.03,28.76125,21.40875,30.92375,,,21.40875,27.68,22.9225,27.46375,14.2725,20.76,28.9775,13.19125,23.030625,29.41,,,23.355,31.5725,,,26.59875,30.92375,64.4522444609647,52.008125,107.151875,128.23625,25.5175,129.75,114.18,108.99,13.4075,107.04375,115.4775,58.82,86.391875,26.59875,107.26,3.46,4.000625,121.856875,120.88375,,42.16875,,,72.87625,36.4570617927524,23.1866913001904,35.8226650078824,30.9155884002539,23.3325195473616,,32.3738708719642,91.8425261659724,84.2215505904981,78.7500809465677,82.8536831795154,75.8189364944623,63.5081297956192,80.508767617831,81.2904061383926,32.7097297391644,39.3044333156089,39.5682214586666,30.383125,27.1240539738079,30.4675305231733,,24.796085447431,36.666551885031,26.11502616272,22.0263099453244,33.23730602528,49.5921708948621,28.2253313071823,16.61865301264,,,27.1012156642879,,,,27.6274528616526,,34.4685364273953,23.6806738814167,29.732401651112,14.20840432885,,,28.6799272563823,22.3650808880045,,22.4966401873458,36.0472480194897,32.6267062366185,,13.1735899670602,25.5225040721935,,,,,66.698758044403,83.6362710329116,27.3336416504209,25.4646746999647,33.2909738049997,21.4931199302455,65.4138432659645,72.6560901989819,70.7871232485258,55.7925,69.8176430255666,,,40.940188580437,32.8983658235655,,,,35.0325,34.81625,19.895,20.9077566507822,9.0825,,,20.76,68.0303364555153,63.0895857632153,69.3605385649808,44.2767273579192,34.3002115369288,70.5957262380557,52.1629255783211,56.4385752158883,,58.2485660742585,62.8819747392563,52.3858857226285,,69.4065706144574,26.4766209428447,32.9066574575356,59.9506345634413,48.508951941712,48.2252738601814,66.0024336360915,
14,11.7538235294118,38.2003545673076,66.065366972477,27.5618846361801,48.8997379490292,24.6233990874712,20.4021992898909,26.3951247646655,16.1543566626925,16.2076602564102,49.3254720997084,37.7308697132571,,,,10.8633823529412,12.2880882352941,,,9.34963235294119,12.7333088235294,,,11.5757352941177,13.1785294117647,,,11.3976470588235,,,10.7743382352941,14.9594117647059,17.4526470588235,10.685294117647,14.6032352941177,,,8.6372794117647,11.2195588235294,13.0004411764706,16.2060294117647,35.9422055288462,38.6708022836538,78.1674311926606,102.371559633028,12.3004587155963,107.529816513761,80.7465596330275,75.3899082568807,5.55504587155963,73.5051605504587,86.5,35.1158256880733,78.1674311926606,14.1852064220184,85.9048165137614,2.77752293577982,2.38073394495413,88.0871559633027,90.1702981651376,,25.8904816513762,,,47.7138761467889,27.5618846361801,,27.2834817610673,,12.249726504969,31.4595248877612,27.5618846361801,64.8768800511871,54.0640667093227,49.8680495915841,55.8393047206735,29.3721198241692,36.4730718695728,48.0928115802333,44.3809502837723,24.8798928279657,19.7500180180759,30.0097676378555,14.3612179487179,25.1363865684602,31.5487300808225,,20.7759929800538,29.4967801568665,,25.649374049449,30.2662613783501,35.1396424477454,12.0552058032411,17.4415743536254,,,18.9093554394111,,,,21.1486212151308,,24.6319235329171,32.4693537479362,20.4021992898909,11.6939434954253,,,23.3878869908505,18.4117408225845,,15.6748604300381,23.6366942992639,23.8855016076772,,17.167704280518,20.8998139067175,,,,,43.2802413420618,50.6553497321889,20.2815480728496,18.8259345747981,26.5892065644056,14.1679713810336,41.1453415449197,55.1192311262131,43.6684049415421,39.6492372033068,,6.66131777552334,32.9548875918926,44.9091115222851,18.7390537287233,,,,22.9779487179487,22.1573076923076,16.4128205128205,15.3870192307692,8.82189102564103,,,17.2334615384615,49.0082664913502,50.1184861206041,50.1184861206041,39.3334954364236,30.7689440107506,60.7448740006056,43.9329767576182,51.9424183686641,,20.1729402427315,38.6648021319021,38.6648021319021,,43.1476777413979,21.8540185962924,23.9086699173114,41.653385871566,38.1044426807149,42.0269588390238,43.7080371925848,
15,13.4075,33.5421394102763,66.82125,23.3506882705882,52.9612727530679,28.9405409583036,16.7851753658165,29.5987492225503,25.063326777828,16.65125,38.4729292356044,35.113073282872,,,,10.16375,14.813125,,,11.46125,16.21875,,,12.75875,17.08375,,,11.46125,11.89375,16.65125,10.38,14.05625,18.81375,,,12.32625,16.21875,11.245,16.0025,13.4075,17.08375,34.38375,33.735,81.95875,89.96,9.190625,102.28625,77.525625,82.066875,6.27125,73.74125,84.55375,35.789375,63.685625,13.19125,77.20125,1.51375,2.703125,92.77125,92.1225,,27.46375,,,51.575625,23.3506882705882,13.5491647989834,22.1975678621643,,,,27.6748898021787,65.3189030621169,53.3535784771646,46.8805340295675,55.2170306666243,47.8612983398094,37.8575023753411,53.9420370633098,57.3747121491569,28.9405409583036,33.3929318749659,35.0625784687141,24.6525,25.8795222030985,29.3579526067407,,21.148856854145,32.9755202265287,,19.8966219088338,32.2798341458002,39.5149693853761,22.5402290156018,14.1919960468605,,,20.1422104389798,,,,14.7193076284853,,23.1118953113936,24.5321793808087,0,18.0763427016486,,,19.625743504647,17.5598757673158,26.3398136509737,18.334576168815,0,28.4056813883049,,20.76,16.7851753658165,,,,,42.1840441675717,44.8642458688262,18.1787593650309,16.7803932600285,23.8887542937907,14.3332525762743,49.8750577450848,48.243630622582,38.921189922566,41.52,30.845970925345,,,26.7342152296831,18.3797729704071,,,,27.46375,17.3,14.05625,17.5237696171785,8.974375,,,15.57,34.4732682754672,33.4257380240028,42.6630502414622,23.7122756922414,13.332203200457,37.1397089155586,25.045496012287,34.0923481840257,,19.8844752016263,40.7389248033321,37.0530220830305,,44.0368377636017,18.4295136015073,24.637349762015,38.9929708831891,32.3001475226418,34.919078402856,41.9028940834272,
15,24.43625,56.44125,105.31375,29.8425,93.8525,30.92375,22.9225,38.06,18.5975,22.49,80.445,65.52375,,,,19.4625,29.19375,,,22.49,28.76125,,,22.49,29.8425,,,,23.13875,30.166875,17.08375,22.49,31.248125,,,24.00375,31.78875,22.0575,31.35625,19.67875,28.1125,64.01,56.549375,114.18,132.669375,15.78625,138.8325,118.829375,100.34,15.894375,116.018125,124.9925,51.359375,102.5025,19.354375,120.01875,2.81125,4.10875,132.345,134.831875,,43.03375,,,84.229375,32.22125,,28.545,,22.27375,35.465,29.62625,104.773125,95.041875,82.39125,96.88,86.9325,70.28125,95.15,97.745,30.05875,35.24875,39.14125,,25.5175,32.761875,,28.76125,37.41125,,30.599375,36.7625,45.62875,21.40875,15.1375,,,,,,,,,,24.6525,,15.57,,,24.43625,19.24625,,29.62625,,,27.46375,,25.5175,,,,,69.6325,73.525,,26.16625,34.1675,24.6525,,80.66125,42.060625,65.3075,,11.6775,29.19375,34.1675,18.38125,,,14.92125,34.38375,,24.6525,21.625,14.92125,27.89625,,22.0575,80.66125,82.715625,83.364375,65.74,36.654375,92.77125,71.795,84.77,,,68.335,65.74,,74.39,30.05875,34.6,,,63.79375,76.5525,
21,22.9225,54.9925752314815,73.7878921568628,26.9286116163808,66.5619044841519,27.7672927492079,18.2263534680616,42.07651603178,24.9895486203546,13.6076119402985,51.8458744623197,46.1428848230838,,23.4770766129032,23.4770766129032,23.4770766129032,26.8045362903226,,,23.1073588709677,28.653125,,,24.2165120967742,22.7376411290323,,,,25.5105241935484,28.2834072580645,10.3520967741936,23.8467943548387,25.1408064516129,,,24.0316532258066,25.6953830645161,22.9225,22.5527822580645,22.7376411290323,29.5774193548387,57.8042256944445,52.0982291666667,79.058455882353,94.9500040849674,26.6722467320262,96.3075735294119,74.1871772875817,78.1001715686274,7.58641748366013,77.3016013071896,77.3814583333333,41.2062254901961,62.288480392157,17.4886887254902,72.8296078431372,4.3122794117647,6.06913398692811,96.7867156862744,92.7140073529412,,31.6233823529412,,,60.2920547385622,25.9753864264205,,29.0733682937917,,0,32.7671159048882,23.3540171540294,75.84069531662,67.3287467017112,68.4023258062942,65.7183780448365,65.0282200490331,53.0654814551072,63.8012725009382,67.7888520322468,,,36.9304993564465,,26.3789281117474,,,,,,26.3789281117474,39.4295557038752,,20.5477966344138,15.2720110120643,,,18.8548484152362,,,,19.064346730961,8.90367841830598,20.1118383095852,16.7598652579877,,7.75143768181931,,,20.7403332567598,15.2933770479138,,16.7598652579877,26.3967877813307,26.1872894656058,,0,15.5028753636386,,,,,61.0017612338468,81.2131881486758,26.642335478638,21.4976086275906,29.9496598828826,17.8228037339854,53.1009307125955,70.923734446581,62.2879429466087,50.8355736567348,,14.2128057778267,45.2935568743927,58.2568852212017,25.2604675339501,,,13.2073880597015,32.2180223880598,26.4147761194029,14.8082835820896,14.207947761194,7.8043656716418,23.9133768656717,,15.6087313432836,49.7925725034161,55.9524783801274,52.8725254417717,44.1459921164306,22.4579901755099,58.262443083894,47.9959332893752,54.0275077936551,,,48.9394232972103,52.8235045112745,,54.2217737483375,19.1096795731964,17.7114103361332,,,48.8617416729289,49.8716027885856,
21,38.925,76.4257869249394,123.932619837758,38.8457312188887,98.2474039531924,33.1338275962973,23.5533509552638,67.2225383361667,42.4875185206594,24.9036290322581,83.2986962710729,70.0536773451609,,,,,,37.6397405660378,46.6365566037737,37.6397405660378,45.1676886792453,,,40.3938679245284,42.2299528301888,37.0889150943396,42.2299528301888,20.5641509433962,34.5183962264151,42.5971698113208,16.8919811320755,34.8856132075471,45.5349056603774,,,36.3544811320755,43.515212264151,,,38.1905660377359,49.5742924528302,79.4082566585958,76.0529782082324,130.552166297935,164.017651179941,35.488124078171,186.818311209439,148.939795353982,154.639960361357,22.4329074483776,149.123671644543,143.975135508849,78.331299778761,94.5124133480826,45.9690726401179,112.90004240413,6.25179387905605,6.25179387905605,158.501362463127,150.043053097345,,60.1275470132743,,,111.612908370207,39.6641233464343,,42.6178346594667,,0,48.5252572855312,33.7567007203696,124.543032658311,97.0915521419784,98.8253298587994,100.270144622817,107.783181395708,94.2019226139431,94.7798485195504,101.714959386834,31.8215968004044,37.3985776829495,44.2877893613876,,26.9007313158057,35.7582891880833,,22.3079235301803,36.7424622850031,,26.2446159178592,35.7582891880833,53.4734049326383,21.6518081322339,15.4187118517423,,20.235977581283,27.5341990040408,,,,23.5533509552638,6.30300941056357,34.1689457520025,19.9042402438849,,10.6155947967386,,,28.1976736788371,20.5677149186811,38.1497938007794,22.5581389430695,36.491107113789,34.5006830894005,,12.6060188211271,17.9138162194964,,,29.5312885176223,49.34833739129,101.805231468646,121.039425963676,37.6912498185443,35.7484018897534,49.7369069770483,34.5826931324789,95.1995485107563,102.582370640162,90.5367134816581,82.376752180736,47.9501994733158,,50.9850222247913,68.5869941833503,33.3830502662325,,,24.5373991935484,43.2151209677419,,25.6360887096774,24.9036290322581,14.6491935483871,34.7918346774194,,17.5790322580645,80.4696839448855,88.0137168147185,90.5283944379963,68.2106305314067,21.0604250949505,80.1553492419758,56.2659118208379,74.497324589601,,88.2321632385253,86.0152747149443,68.280166526296,,91.3358071715389,30.4452690571796,37.3915197644003,75.6697949382329,63.255219206179,70.497055049877,72.1227733005032,
21,24.4314444444445,65.1119030898875,98.6561383347788,32.8085050813586,85.5147383205014,24.1043360244344,21.0696587640079,58.4352389071615,30.0606649382495,15.0407023809524,76.2095666379615,55.9836873666028,,,,,,0,0,21.3030277777778,0,,,25.399763888889,29.3475277777777,24.2824722222222,28.15575,12.2902083333333,23.0906944444445,30.9862222222222,11.9922638888889,23.7610694444445,32.0290277777778,,,23.3141527777778,31.8800555555555,,,11.9177777777778,32.0290277777778,67.9000702247191,63.963834269663,100.72223547268,134.124139202081,35.209738725065,134.296313963573,97.2787402428447,97.6230897658283,11.8800585429315,101.410934518647,116.82057567216,59.7446422376409,93.1465459670424,27.5479618386818,112.43011925412,8.43656331309628,8.95308759757154,132.230216825672,123.793653512576,,42.1828165654814,,,73.5186231569817,36.138691687361,,27.1348538266874,40.9489612293648,28.6149367626886,,33.7952270386926,104.593723762526,86.7071749106278,80.06359962278,89.1772221330328,88.6661778801212,70.0751279271465,84.4926498146785,88.0699595850582,30.4475823466539,34.4649716840597,8.8805448511074,18.4904047619048,24.9501022007303,37.0022702129476,,24.3157775685084,38.4823610214654,,28.5446084499881,34.2535301399857,40.8082180062793,23.0471283040644,16.4924404377709,,,15.9838790623508,,,,16.226059048144,,29.6670482596662,27.971788359114,0,23.0070986503534,,,26.3976184514583,21.5540187355943,34.6317379684268,25.1867185224922,,0,,24.7023585509058,22.2805586929738,,74.1587770870003,50.3387901429163,78.5003510620302,98.8001428912249,96.1013266364766,48.8133722597977,39.3088454495965,46.7012551908641,30.9777170110253,82.3725656884084,93.1678307074021,85.6580811289718,66.0959620786516,36.4371696221207,,,36.664901932259,22.3177663935489,,,,31.0646142037237,23.8029464285715,12.5569166666667,15.868630952381,7.5203511904762,,,13.108869047619,78.9064805258344,72.5556833060044,77.4275277486136,58.5491305335024,37.9307888746018,76.3835610823403,66.2918833083637,75.8615777492036,,,58.7279857669264,58.8848028183736,,65.863161607768,24.6202770771895,26.3452646431071,,,52.6905292862144,66.8040639164505,
21,33.3025,61.63125,112.45,27.68,94.50125,31.14,23.13875,52.11625,17.7325,19.03,84.55375,67.47,,,,31.5725,32.4375,,,,,,,38.06,33.735,,,,35.0325,38.06,16.21875,27.68,31.78875,,,34.38375,35.24875,37.195,35.68125,28.545,33.95125,68.98375,56.981875,117.64,145.10375,30.7075,150.72625,116.12625,118.0725,12.866875,118.72125,130.074375,53.63,106.8275,26.815,120.45125,7.3525,9.29875,140.13,138.18375,,45.088125,,,93.8525,,,27.46375,,16.8675,34.1675,27.46375,106.61125,93.20375,89.31125,96.88,89.203125,85.310625,96.23125,99.150625,33.51875,,40.87125,,28.545,39.249375,,,37.41125,,29.62625,33.51875,42.493125,21.40875,15.245625,,,,20.3275,,,,15.245625,34.1675,20.76,,11.02875,26.706875,,24.43625,21.40875,,18.5975,31.5725,28.545,31.35625,,25.085,,,38.168125,52.3325,72.2275,79.1475,42.60125,29.41,38.925,23.463125,61.63125,79.1475,60.9825,70.065,,13.19125,29.62625,35.24875,16.975625,,,12.75875,31.14,,21.625,16.0025,14.705,22.0575,,17.51625,85.635,82.39125,88.44625,56.765625,49.08875,90.068125,66.605,84.3375,,,70.065,75.03875,,78.93125,32.005,33.08625,,,68.335,76.12,
30,32.87,68.11875,110.50375,35.574324602363,86.7949407714131,23.1553756144643,20.6515466605716,73.9575,48.6174567225038,16.8675,78.5296559119851,60.3722964365582,,,,27.46375,38.27625,,,28.9775,37.195,,,34.81625,35.0325,,,,32.87,44.5475,11.46125,33.843125,42.16875,,,32.005,38.384375,34.6,34.38375,0,0,78.606875,63.253125,108.125,140.995,40.87125,146.185,110.50375,115.69375,17.94875,117.64,125.425,71.903125,99.25875,33.735,118.28875,11.6775,12.975,133.42625,141.4275,,51.4675,,,85.2025,36.7802339109177,,36.1772792566402,42.8097804536911,26.5300047882029,,27.4344367696189,111.023573341012,89.7140531291962,84.0704359041492,92.2439505059414,86.989548261932,68.9883553889371,89.1302306576394,85.2380808472622,26.9721957706945,14.7583712707574,33.5880173748273,16.0025,21.119738197808,36.1325641456475,,20.865283520726,34.0969267289914,,25.4454677082025,28.4989238331868,34.9875180987784,21.3741928748901,17.0484633644957,,,23.9255723506623,,,,20.3996985305647,,26.9477499107459,,27.4514461707598,13.4075,25.1848130006971,,23.9255723506623,19.6441541405437,,,31.4810162508714,28.2069905607807,,9.73125,19.6441541405437,,,,,109.513319286159,106.067956432213,60.5399472907757,42.8209383276218,52.9109295427512,35.1919205795972,82.9348058414285,103.114788271687,94.9935758302415,83.4725,53.4017883679577,,58.4522857541555,66.4314866666275,40.8238186219499,,,,26.59875,31.14,15.35375,16.8675,8.43375,,,14.92125,81.0196206116336,77.9550486736049,77.763512927478,71.6343690514207,72.7835835281814,91.6498545216706,81.2111563577603,83.6053531843453,,,68.6893875177696,65.9496398674881,,72.9947052539261,26.0276026776733,22.8964625059232,,,54.0121679626906,66.9281211711601,
30,31.14,67.25375,111.36875,27.2194228613698,85.8267060097349,28.802510065435,15.5073415760949,66.3746963060627,43.9594664584221,15.78625,77.9410652780954,57.7388007860796,,,,,,30.275,30.49125,30.05875,33.08625,0,0,33.626875,33.3025,34.1675,34.275625,9.73125,28.9775,35.68125,9.623125,27.68,32.87,,,31.78875,35.140625,,,23.355,33.735,76.1615582743446,63.79375,106.8275,138.291875,32.87,144.455,115.26125,108.77375,17.7325,112.8825,115.26125,57.5225,94.50125,35.8975,113.96375,11.245,12.11,134.5075,132.12875,,48.65625,,,84.98625,28.2974198063747,,27.4889220976209,31.5314106413888,,,24.2549312626068,97.2178935350544,85.8267060097349,85.8267060097349,85.8267060097349,96.1376947179982,78.7563137526401,83.8627081605419,88.6745028910649,29.0821460854877,36.0730465868068,37.191590667018,23.54119038833,23.4894256844324,33.9757764364112,,19.2948853836409,31.738688275989,,19.71433941372,28.802510065435,48.936303509234,22.0989373725972,17.6170692633243,,,17.2581704637185,,,,17.5082888762361,,,16.5078152261655,,14.7569863385419,,,17.5082888762361,16.7579336386832,,18.5087625263068,,19.0089993513421,,19.759354588895,19.0089993513421,,54.6764739685956,45.5213434436216,69.426406481054,109.734411709065,107.572783668446,53.6592372435985,43.2325608123779,51.3704546123551,38.1463771873923,78.3272278247789,122.577025362154,109.86156629969,,50.1412664291378,,,49.4543997657249,33.9998998389359,,,,25.95,31.14,15.0071047510595,16.21875,7.3525,,,14.2725,78.9153285940716,77.9410652780954,77.1616546253144,63.2594242862172,52.9999243891048,90.6064883857859,79.4998865836572,84.3712031635383,,48.6817339961064,64.908978661475,52.4555118252618,,73.7773565599905,21.3218447347287,23.0200447578487,57.9274896775374,46.2287784071552,49.6251784533953,63.7768453127283,
31,25.5175,62.49625,86.0675,26.4299105699514,75.5962926924824,22.1315037057385,19.4156201122398,57.7614935396827,26.1795936127078,13.4075,70.9918696853537,49.2052940255961,,24.6525,28.9775,25.30125,30.92375,,,25.30125,31.14,19.67875,29.8425,26.706875,26.815,,,,,,11.02875,,,27.2475,33.95125,,,24.43625,27.2475,,,64.01,62.49625,94.285,113.315,19.786875,121.965,89.203125,81.95875,11.46125,84.878125,97.52875,52.656875,63.5775,18.705625,82.39125,9.515,6.92,109.63875,102.28625,,37.41125,,,69.41625,,,28.3022633650895,,0,27.2228078870499,21.9368257730598,83.3063623451983,77.5708227254949,79.9214537171766,78.605100361835,76.9126460478242,54.34658852768,74.6560402958098,74.091888857806,,,24.9622774355422,,25.9916497009255,,,,,,24.1902482365049,30.6238248951499,,11.8377810519067,14.5398832485375,,,,,,,,13.5398403414304,,13.7953090271177,,2.81015554256103,,,19.4156201122398,,,,24.5249938259871,22.9921817118629,21.2039009120513,,17.8828079981156,17.4996049695845,54.4535665968815,40.2040351509687,56.7436698649747,95.9298813412352,98.4744405280053,,25.1911359490245,36.8961082081673,26.2089596237327,59.5426849704219,117.431406469443,94.7848297071886,61.415,,14.5049099746084,40.3307252952525,54.835635269861,25.8258153206442,,,9.9475,20.54375,,12.866875,14.05625,0,,,21.625,78.4440549009433,71.2860348912322,70.599649410849,65.69689597954,39.5161926563503,77.8557244891863,59.1272063815859,67.4618872148112,,22.4717090825557,55.016942926257,58.6976538966758,,57.5353241165434,18.5972764821151,23.9246213077209,52.4985617359707,47.4617993553978,49.3021548406071,47.0743560953537,50.0770413606952
31,25.5175,80.445,97.52875,21.40875,95.36625,17.94875,9.515,60.1175,27.68,12.975,80.8775,61.63125,,18.165,35.24875,20.54375,34.275625,,,19.24625,32.65375,17.51625,29.41,20.868125,31.78875,,,,,,8.00125,,,20.11125,36.11375,,,23.57125,31.35625,,,80.445,81.52625,106.286875,128.23625,28.32875,127.37125,99.25875,101.205,21.084375,105.31375,103.043125,49.305,75.47125,32.005,89.96,6.92,6.27125,117.85625,111.585,,42.709375,,,79.79625,22.9225,16.435,20.54375,23.57125,21.1925,,20.11125,105.53,95.5825,98.82625,100.448125,87.365,68.55125,94.285,96.4475,21.1925,21.40875,17.94875,9.839375,17.3,29.301875,,15.78625,24.544375,,11.89375,21.1925,32.87,15.1375,11.245,,,8.541875,,,,9.9475,,,7.244375,,6.4875,,,12.5425,10.16375,,7.13625,8.00125,11.6775,,5.83875,12.5425,,,,,102.71875,95.5825,36.54625,25.73375,34.81625,22.814375,62.7125,110.93625,96.4475,,35.68125,,,26.59875,17.7325,,,,23.13875,31.35625,15.35375,13.62375,7.3525,,,11.46125,82.39125,75.579375,82.175,56.00875,,100.98875,79.58,78.49875,,64.875,75.6875,59.685,,75.579375,27.2475,28.545,60.33375,48.65625,51.9,72.66,
30,26.59875,52.440625,101.6375,17.51625,92.1225,16.8675,12.32625,48.65625,12.5425,10.38,71.14625,58.17125,,24.760625,28.9775,24.6525,32.005,,,27.2475,30.92375,24.22,28.545,27.788125,28.32875,,,,,,7.56875,,,27.68,30.7075,,,28.9775,28.32875,,,61.415,46.92625,106.61125,132.345,29.41,129.96625,102.71875,109.20625,10.920625,102.935,107.47625,51.25125,83.4725,25.30125,101.205,9.190625,7.893125,133.42625,126.7225,,49.7375,,,83.25625,13.62375,,18.5975,,8.86625,24.111875,16.8675,100.34,91.69,87.14875,97.3125,88.23,70.4975,91.04125,96.4475,20.54375,16.975625,22.0575,,14.05625,26.59875,,12.75875,27.2475,,14.48875,20.11125,29.19375,11.89375,9.73125,,,,10.8125,,,,8.86625,,9.515,,5.19,,,11.89375,12.75875,,10.59625,19.24625,15.57,17.3,,8.00125,,,,,76.660625,79.039375,24.86875,17.08375,24.760625,16.435,47.034375,72.768125,54.0625,57.30625,,8.2175,17.94875,23.57125,11.6775,,,6.4875,23.57125,,10.16375,9.515,8.65,13.19125,,6.70375,70.065,69.2,77.85,53.41375,39.57375,65.3075,51.035,65.52375,,,72.87625,65.199375,,78.49875,22.27375,22.9225,,,49.95375,59.685,
30,25.085,52.440625,91.47375,17.3,86.5,17.7325,14.48875,53.63,11.89375,14.05625,66.1725,52.765,,25.5175,25.95,24.6525,30.05875,,,24.43625,26.59875,23.355,29.41,25.95,25.95,,,,,,8.65,,,26.058125,32.4375,,,24.86875,25.085,,,61.19875,47.1425,99.25875,124.77625,23.030625,124.34375,97.745,89.96,11.245,91.365625,94.06875,47.35875,65.52375,21.1925,83.905,6.92,6.70375,123.47875,109.63875,,42.925625,,,76.5525,,,18.5975,,,20.3275,14.05625,103.15125,81.31,78.06625,94.393125,88.6625,65.74,86.28375,96.23125,19.67875,12.650625,21.625,,15.78625,21.1925,,,20.3275,,19.24625,19.67875,29.62625,12.11,9.0825,,,,,,,,6.055,,,,8.65,,,14.92125,,,,17.51625,17.51625,17.08375,,10.59625,12.5425,39.79,23.246875,,69.2,72.2275,24.00375,19.4625,31.5725,20.97625,48.0075,67.25375,45.736875,51.68375,,8.65,21.84125,29.8425,11.02875,,,11.89375,22.598125,,11.46125,14.705,,,,18.705625,71.3625,64.22625,68.55125,62.49625,27.46375,67.9025,54.9275,62.92875,,43.25,66.605,52.54875,,69.2,19.138125,20.3275,61.19875,41.9525,47.1425,52.54875,
62,37.195,61.8475,110.93625,22.8808379385817,85.478530049718,20.6358733326282,17.1694303159305,82.3015981511011,20.6108823518964,11.6775,75.9047707436213,55.1456176341104,,39.79,36.11375,33.735,42.60125,,,31.35625,42.8175,34.38375,45.19625,39.14125,38.4925,,,,36.97875,44.871875,11.245,,,39.3575,44.98,,,37.6275,37.84375,,,73.30875,58.17125,110.72,138.18375,43.89875,135.805,108.34125,111.585,13.299375,109.098125,112.558125,63.145,88.87875,34.6,103.3675,17.08375,14.705,138.075625,134.075,,56.981875,,,84.98625,21.5807903284351,,24.9609141148165,,22.8808379385817,22.8808379385817,20.2807427182884,108.310543595007,86.0446130301795,84.9124470692562,89.0637222593086,87.176778991103,56.6082980461707,83.4028924546917,89.4411109129499,,,25.165699186132,,25.165699186132,,,,,,22.1458152837962,28.6888970721905,,13.5894775605113,11.3245646337594,,,,17.8401111876465,,,,8.04817046059241,,17.1694303159305,,12.340528039575,,,17.7059750133033,12.0722556908886,,11.1333024704862,26.2906901712684,26.2906901712684,23.0714219870315,,14.4867068290663,,,,,110.216760097089,102.03472987154,34.4126565368638,34.2923325629588,34.8939524324843,27.9151619459874,63.2904102740923,98.6656586021972,90.6039523505542,64.4936500131436,,13.6179044110744,33.8607352924012,44.1661764683494,22.0830882341746,,,13.299375,22.0575,,13.62375,12.975,8.86625,14.2725,,10.38,79.1307235002252,70.4016748647086,78.751199646507,70.6863177549973,28.464289028858,71.730008352722,58.2569115457294,66.7961982543868,,,67.3357015321768,66.9487147417621,,59.789459119088,18.7688593351183,,,,54.1781506580733,53.2106836820363,
62,37.1371302816901,60.3708921755726,111.302251815981,22.6272097221725,115.744919006801,22.4296886121314,14.1638049761658,59.2973117299415,31.5349749828184,12.7185187541081,73.7286155304318,58.9644139281401,,33.7487059859155,47.1668661971831,0,0,,,32.3933362676056,37.9503521126761,34.1553169014085,47.1668661971831,38.2214260563379,39.305721830986,,,,,,8.67436619718309,,,38.7635739436621,54.4858626760563,,,34.6974647887324,40.6610915492959,,,71.4264670801528,57.3051095571965,117.849443099274,161.22458535109,51.0135320823245,153.858995157385,104.755060532688,115.667046004843,16.5043780266344,111.98425090799,102.299863801453,66.5631113801453,80.6122926755448,36.5551513317191,97.1166707021792,11.7303843825666,15.0039800242131,136.263418583535,133.262622578692,,50.4679328087166,,,90.2966797820823,21.9309878845671,,23.6715424785803,30.1115944764294,24.0196533973829,,20.1904332905538,130.007326088208,113.276425473481,113.550702532738,123.561815195649,120.133351954926,72.546282173694,116.293473125316,119.859074895668,29.7773452264503,,29.7773452264503,,21.6562510737822,,,,,,25.1367199963543,37.8984393791186,,14.6953132286379,12.3750006135898,,13.8747477317543,13.2966332429312,,,,14.4528622205774,7.51548835470025,19.0777781311621,13.1521046207254,,7.22643111028869,,,16.7653201758698,14.4528622205774,26.5932664858623,12.7185187541081,21.679293330866,20.5230643532199,,8.96077457675797,15.7536198204293,,,39.8440434549014,59.2973117299415,93.3991253928128,92.5788068510943,29.2970907756628,26.4845700611992,32.8127416687424,23.9064260729409,57.6566746465044,81.0943472670344,71.6020898557199,43.1253176217757,43.1531236606988,,32.9872435675534,48.1323302369332,24.8960328811724,,,11.2990625,29.1036458333333,32.1852083333333,15.0654166666667,16.1673962360016,7.80454559911179,16.0926041666667,,8.55989583333333,70.9584652359358,69.8930228149758,76.7118543091197,65.0985319206559,25.3575296188479,80.9736239929598,66.2705185837118,73.7286155304318,,55.4959189911906,71.8267493193273,74.861682389158,,74.5726411444123,25.7246707823748,23.7013820691543,67.2020894033949,56.2185221030551,54.0507127674617,58.6753726833941,
60,30.5349859550561,65.8808139534884,88.796981765835,17.1237684487963,108.795732876727,10.5866368154637,12.0567935810223,53.5490997564555,29.7623796582797,7.92157894736842,67.7104767159692,39.3966594515649,,,,29.8449297752809,36.0554353932585,,,26.9121910112359,30.7075,,,29.8449297752809,32.2601264044944,,,8.97073033707865,32.3463834269662,39.333202247191,8.45318820224718,24.2382233146067,31.5700702247191,,,28.9823595505617,33.4677247191011,33.8127528089888,31.656327247191,26.9121910112359,37.7805758426966,66.0690448504982,68.0708895209181,87.3398884357006,109.710556621881,30.6846713051823,107.310638195777,91.3683229366604,88.5398476487524,13.1995513435701,90.4254978406909,94.1967982245681,47.8269457773513,67.7119841650672,24.856297984645,87.4255998080615,15.0852015355086,9.94251919385797,106.796369961612,104.910719769674,,39.8557881477926,,,64.2835292706334,17.721109208638,,16.5264276889545,22.8980624605996,16.1282005157267,,15.9290869291128,131.3479235186,108.300080335148,105.82181762725,115.115302781868,117.469652354371,78.8087541111602,107.804427793568,112.513126938574,12.2250448940474,13.2332960193297,12.9812332380091,7.23868421052631,8.94822873688006,13.6113901913105,,10.0825112528226,13.8634529726311,,9.57838569018147,12.477107675368,19.2828027710232,6.55363231433468,8.31807178357863,,,12.5735133059232,,,,12.5735133059232,,16.6211511509807,,,7.23407614861336,17.9990704173832,,14.4681522972267,13.4347128474248,14.1236724806261,9.98991468141845,,16.5350311968305,,8.26751559841528,14.640392205527,,,,,111.97661326191,94.1647305039367,41.0694366776206,33.1278329001801,39.1407614745278,25.2996806052746,66.9363746955694,111.295904366701,98.2489838751917,49.3164950166112,38.5160207342444,13.6556800785049,,38.866166377283,24.1600493696624,,,,14.4773684210526,20.2819736842105,8.74105263157894,7.68791483027723,5.32657894736842,,,7.51184210526317,67.5364137938202,60.5738969078592,71.3657980810985,57.3537328481023,32.5497664418669,70.4954834703535,57.2667013870278,61.0960856743064,,34.7850103518834,43.8765471483983,43.2836208355821,,50.7281400964966,15.284322730373,16.7336981617015,40.055466465805,33.2697542191307,34.9167717547314,41.3730804942856,
60,34.1675,60.1175,115.69375,15.57,99.0425,16.435,11.02875,60.76625,13.4075,9.9475,77.4175,57.30625,,,,29.19375,38.925,,,24.86875,37.6275,,,32.978125,36.33,,,9.29875,32.65375,43.89875,8.325625,24.43625,35.8975,,,28.545,39.3575,38.27625,38.4925,27.2475,44.76375,67.9025,54.0625,115.801875,152.24,42.8175,153.645625,121.640625,114.82875,19.03,112.66625,123.2625,57.630625,92.33875,29.19375,113.7475,26.058125,20.54375,149.536875,146.185,,55.7925,,,81.7425,17.51625,,13.84,21.625,20.11125,,14.705,122.61375,96.66375,96.23125,109.4225,111.80125,75.03875,102.28625,103.15125,19.895,13.62375,21.40875,7.785,15.1375,26.59875,,13.84,24.43625,,16.21875,23.7875,31.5725,9.29875,11.02875,,,11.89375,,,,10.488125,,11.46125,8.65,12.5425,6.4875,13.19125,,12.11,11.245,16.65125,8.86625,16.8675,14.05625,,7.56875,10.38,,,,,87.256875,84.55375,52.11625,30.49125,41.844375,27.788125,69.524375,68.659375,54.170625,53.1975,18.38125,8.43375,,17.7325,11.245,,,,20.11125,23.7875,11.46125,10.16375,5.40625,,,8.86625,77.958125,65.95625,84.55375,55.57625,44.98,65.3075,49.08875,63.036875,,,72.2275,70.065,,77.85,21.84125,24.22,,,46.49375,57.73875,
60,30.275,64.875,101.85375,19.24625,88.87875,15.57,12.75875,53.1975,12.975,12.5425,80.8775,55.36,,,,,,25.5175,30.05875,27.03125,28.76125,,,30.7075,31.5725,30.166875,33.843125,7.13625,26.274375,41.9525,8.00125,25.5175,30.49125,,,26.923125,38.925,,,28.436875,38.925,74.8225,59.360625,103.58375,132.56125,36.97875,126.7225,91.04125,99.25875,10.704375,96.66375,105.74625,51.575625,72.87625,24.00375,98.069375,13.19125,10.59625,129.3175,123.47875,,41.52,,,77.85,16.8675,,23.57125,,14.48875,20.54375,15.35375,106.395,91.69,88.23,91.90625,82.6075,64.875,91.90625,84.55375,18.38125,15.35375,20.3275,15.029375,12.32625,15.029375,,12.75875,17.51625,,17.51625,18.165,26.3825,12.11,8.86625,,,15.57,,,,13.19125,,14.48875,12.32625,18.38125,8.65,,,13.19125,10.16375,,10.59625,18.5975,16.0025,,13.19125,11.245,,,,,85.635,86.5,40.2225,23.57125,34.491875,25.5175,60.55,72.87625,65.09125,62.49625,,8.00125,22.814375,29.301875,13.4075,,,,23.7875,27.03125,11.6775,12.975,5.19,,,12.5425,91.365625,75.90375,84.3375,72.2275,31.35625,72.87625,56.44125,73.30875,,,63.79375,63.79375,,70.4975,19.4625,21.1925,,,53.521875,54.0625,
61,38.27625,71.3625,116.12625,20.97625,91.04125,20.11125,16.435,63.79375,14.596875,15.1375,89.095,64.4425,,,,34.38375,40.2225,,,39.249375,41.52,,,44.5475,42.276875,,,9.0825,39.57375,44.76375,10.16375,29.19375,37.41125,38.70875,41.73625,,,44.33125,36.54625,35.0325,50.710625,82.6075,65.95625,108.125,149.320625,49.08875,151.375,111.044375,111.909375,15.35375,107.90875,120.6675,59.03625,96.015,33.95125,115.91,21.625,18.5975,147.26625,140.13,,56.116875,,,80.8775,19.67875,,21.84125,,19.24625,27.139375,19.4625,116.775,92.33875,92.33875,91.2575,97.52875,77.525625,88.6625,91.04125,22.70625,26.59875,24.43625,,16.65125,27.2475,,18.5975,23.13875,,13.84,22.0575,36.33,14.705,12.11,,16.21875,16.110625,,,,15.57,5.19,20.868125,19.24625,,9.406875,26.16625,,17.94875,15.57,21.84125,10.8125,22.0575,23.57125,,11.02875,16.0025,,,,,97.3125,99.0425,41.0875,28.1125,42.16875,25.625625,67.9025,77.85,67.0375,67.68625,14.164375,9.839375,24.00375,31.14,13.4075,,,,26.3825,33.08625,13.62375,15.57,7.785,16.435,,12.975,93.63625,84.77,90.17625,80.66125,38.925,92.77125,77.85,89.095,,55.57625,75.47125,72.119375,,88.87875,24.86875,25.085,64.65875,47.250625,49.08875,64.65875,
94,39.3575,65.4035871325866,130.574376114643,22.2460703244471,88.010771219901,28.5577042371778,14.5853561453374,56.4733707515584,38.364657287038,16.6385492395746,69.6731322417566,55.6281149446016,,,,,,33.9749619375176,35.3063243063886,38.3891687192118,38.0729764350801,,,42.5376869943082,40.7876648682968,41.650608840195,41.1726554404145,7.58780896653819,37.5189251576099,43.6809490096735,8.92942111845632,34.0825543020496,41.3980899525256,,,40.884665238393,45.6395696754001,,,36.9641287424386,45.4862272358917,70.0332893733293,60.7371037793242,125.2072122682,161.765762661593,40.9072083153641,165.855076275582,128.759092653738,130.039246017114,15.4460615940508,125.512872584572,137.21791906297,72.874837090584,101.225205294283,42.6324824555219,131.809365035091,24.8995003582749,24.7084784974145,161.327551277578,164.781873819385,,58.9770696914043,,,85.0887205310418,23.6355153883974,15.6909377825191,21.8636232375708,23.5255666694046,28.7534703737167,,20.1399595414798,97.812913337881,85.0894832532422,87.0333509119741,90.7843984264191,83.2073070861293,64.4688667135232,91.7930812709267,93.2793324303074,28.1953986853529,40.8867650571774,49.7622154207897,28.9949150047083,20.1970004040639,31.6902106463799,32.4497591428736,20.6380814098134,27.0095654214492,16.0673564688015,18.5934135873994,27.7404693540029,56.6579519836315,18.3016948351175,21.190773940323,23.9435116005669,,16.5556958473286,,8.14511982867352,17.72761374476,17.9197018688158,,,14.596875,14.1626906593464,17.8574410204992,,30.4244181835748,15.363685746321,13.8793334944585,19.2106568511029,19.149705148306,22.5241662819095,16.42325028055,,23.8402020201532,17.9604787453013,,49.2967372997765,47.2407654277939,58.0219900306919,109.363623051135,103.637578937065,50.2327803694155,35.5150221415498,39.5242866695956,29.1470867098799,66.3354473753485,119.543372862987,100.356086681766,88.9579048361646,50.0028076575281,,34.7419720117198,38.0347225473505,24.2876090058553,,25.672478270849,,32.223425338938,25.7363292603419,14.5613476030854,15.8623459626625,8.10900041655867,,30.0047089790548,14.265982020497,71.252944758608,67.3192809447504,70.2371347754651,67.9248717379424,38.7259252840179,74.091501247312,59.075253311553,67.8811885294296,65.1416664199652,52.6850363032009,62.3207417352833,53.9848238885344,59.0372483857453,67.9122312141463,19.2028917715536,18.1040081625663,51.0757413175634,45.3890976838167,48.8178982344124,65.6577403694675,61.2114246719057
94,41.52,69.3819121212121,132.6056273978,26.7233629445548,91.0408676059831,30.2929976311896,15.2752169528788,59.9614730153226,35.1411133561044,15.4576187089611,78.916369787073,64.2089584607983,,,,39.14125,49.52125,,,44.6040097736626,47.9113888888889,39.14125,46.49375,49.3575051440329,43.5045164609054,41.1312172067901,42.2374961419753,8.90273662551441,39.0057600308642,49.9370640432099,11.8910802469136,37.1215817901235,45.0994714506173,42.8175,50.6025,40.8251967592592,46.8084471450618,45.845,44.115,,,79.8527371212121,66.0392113636364,123.66418649357,167.718460733738,46.6639863860684,169.354142516659,132.808673664609,122.898820287108,20.3721993920931,129.276009967915,141.370436679703,70.4719481227023,108.806696811721,37.1178677573783,135.662735925431,24.0640423139046,24.1058994057829,166.637924682789,167.114215643098,,56.7356668061693,,,86.5164236159312,30.7504253724076,,29.2991496345496,37.8974179223249,10.8125,25.085,20.8113631236148,109.371321715876,82.7356753883099,96.1600384001602,95.6173282458217,48.6021875,71.3688267494438,85.0944659486637,,31.9243024321602,38.3404922226173,36.3948352022674,,25.0532784137297,46.1297937447778,,25.0884754427716,35.1863190544512,,22.8378960040129,33.7898540475809,54.9752553560159,27.3579262215054,25.9211301722116,,18.5975,19.8658090232376,,,,16.6042073786752,7.96811535465387,22.0993867166892,15.894375,,8.62070340592346,,,18.3940269555796,17.4660932528275,24.328125,12.3786578257859,17.51625,,,13.0137021864648,18.7818262397144,,,38.8127766581023,36.7372271041931,103.216268641604,95.7226818393573,48.6258878509563,33.8601650028808,41.3253642630854,27.8539295153062,61.6576396610428,94.4301960224772,83.8260278272851,71.32492951295,38.0202919485428,15.78625,37.3664973824382,48.4474030125203,28.8158788110107,,,14.8239463165551,28.5775358369857,37.7444573654127,18.1791354359308,15.4021635066256,10.9107136025903,20.1975842107258,,13.2913559741015,87.5406556789928,85.0566809065656,77.4353004101892,69.3075317531491,36.9242166730377,79.6991423872499,70.3321114775302,77.6101788164594,,48.3389914561487,70.4723987583592,64.2971822187179,,84.188985656193,21.7857790815737,24.9445889400619,61.1660971062314,51.9950423488134,54.7674791799833,70.068964032759,
96,33.3025,66.605,120.947528079483,25.5842086046181,89.5902259049014,22.7250729190183,16.4035928108451,62.9941663489101,27.9972464026322,15.3557355806874,78.4953661627534,61.4400124206951,,35.8975,41.7903125,36.54625,40.114375,,,34.708125,33.0321875,33.51875,40.655,38.384375,33.410625,39.14125,30.275,0.4325,,,8.65,29.8965625,33.95125,37.0328125,41.0334375,30.92375,31.5725,39.3575,32.87,30.92375,38.925,74.1196875,63.685625,115.930617325525,152.23650074937,48.096064000951,155.961512064918,120.611429464062,108.007622663713,19.7744057772327,117.574595194746,132.70657089519,65.0501848860052,101.571795817608,33.465063139171,122.564101895031,26.9828643236231,21.6490459851177,156.942104480371,155.176411141865,,61.2767116320469,,,84.5825040862905,29.2795588195526,,23.654411444649,34.826697351962,23.7875,0,23.0097746546568,99.1784045571248,85.7661253508373,84.7741829831227,101.782066616173,93.223166282585,66.144723134581,91.4576223657908,97.4525861943947,29.3850073101425,31.5616745183012,27.4270179952035,13.7855589850051,18.4485442387538,35.5522310665921,,28.4780626400762,32.287230254354,,19.8228499748067,28.4016354190183,41.3566769550152,20.0322948479324,21.2952122591506,,18.2869826339988,17.3997680689733,,,,16.9672680689733,7.3525,24.73132994287,13.8953389389223,18.8892371704594,8.32940851823027,20.6862758128191,29.3832578207146,17.7932938433579,14.2888647133068,,11.5023363576404,25.1956778778445,19.67875,,7.9216301625638,17.7312693596143,,,,,100.445998816149,96.1800587832491,43.2705925988403,24.4710788158702,36.4229791448728,25.5718638652206,63.9639597041769,106.882313141834,96.3291471138408,71.14625,36.1794857139608,8.43375,24.43625,30.8666383091234,24.5454052156146,,,7.13625,25.5255844157119,32.377196572013,15.9779625669394,15.8963605806874,7.5891268144026,16.8675,,14.0572191081833,80.6271855230622,74.840470876552,80.2801043782567,56.4443551354777,40.5191654046318,85.3646822402703,67.1981967181088,71.3443845128338,,,69.5437870218846,73.3655780078539,,76.5330185950126,21.3607172544608,21.348932418789,,,57.6935001080904,64.3537870218846,
94,36.7625,57.5225,98.39375,17.7325,89.095,15.35375,14.92125,54.9275,14.48875,12.75875,79.58,55.36,,37.195,44.33125,37.84375,49.305,,,36.33,36.97875,39.57375,43.89875,36.33,34.81625,,,,,,10.8125,,,41.9525,42.60125,,,38.925,35.24875,,,66.605,52.11625,106.070625,125.64125,29.19375,126.07375,88.01375,98.718125,9.9475,83.905,96.88,51.4675,75.6875,26.923125,90.3925,17.408125,10.38,135.58875,127.37125,,44.115,,,70.173125,15.78625,,18.38125,,16.543125,24.6525,15.78625,99.69125,89.31125,91.2575,78.715,87.040625,58.3875,85.2025,92.9875,20.97625,17.7325,17.51625,,14.48875,17.3,,6.163125,23.57125,,14.92125,19.67875,28.32875,12.5425,10.16375,,,,14.705,,,,8.43375,,,,11.02875,18.5975,,17.08375,,,10.8125,,20.3275,17.08375,,12.975,,,,,93.8525,88.6625,,27.03125,38.06,23.57125,55.36,76.12,59.360625,60.33375,16.0025,8.86625,23.57125,29.62625,12.75875,,,9.0825,22.49,,11.46125,16.435,9.73125,14.48875,,9.9475,84.12125,79.58,79.1475,77.20125,51.035,89.96,72.01125,80.985625,,,64.4425,59.03625,,72.44375,19.67875,19.570625,,,47.35875,58.3875,
94,41.0875,52.98125,114.936875,17.94875,92.77125,19.4625,15.35375,51.035,16.65125,12.11,80.0125,63.79375,,35.0325,46.92625,37.84375,50.81875,,,34.6,44.98,33.735,44.76375,36.54625,43.89875,,,,,,11.02875,,,37.41125,49.95375,,,41.30375,44.115,,,62.388125,51.4675,110.07125,146.6175,47.35875,142.07625,118.0725,114.82875,17.191875,119.58625,120.559375,70.4975,98.1775,34.924375,109.20625,17.840625,14.596875,140.34625,133.85875,,68.55125,,,88.01375,15.78625,,17.94875,,25.409375,22.70625,17.51625,106.503125,88.87875,85.85125,105.31375,101.096875,74.8225,98.1775,99.9075,,,25.30125,,19.67875,,,,,,19.4625,30.49125,,13.4075,10.59625,,,,,,,,12.75875,,12.434375,,9.515,,,15.461875,14.05625,,,20.11125,19.67875,18.5975,,11.46125,17.94875,,,,83.04,78.2825,29.8425,23.57125,34.38375,21.84125,51.25125,68.7675,54.71125,52.765,23.895625,6.811875,18.489375,28.76125,15.57,,,9.515,26.923125,,12.11,17.3,9.29875,,,11.02875,81.95875,80.336875,80.8775,73.525,49.95375,85.743125,75.90375,81.7425,,,72.335625,75.03875,,77.741875,23.7875,20.54375,,,54.71125,68.875625,
174,51.9533303763844,85.9783073929961,115.819543848311,33.964017783943,80.4328290567424,27.6252741617082,16.9181396172549,55.2474311710056,46.6027542027451,13.6028225806452,83.6883239061699,66.2803604944971,,,,,,52.4103977990504,56.3716487954902,55.1528023350472,61.2470346372624,,,60.9423230221517,59.7234765617087,57.1334278332673,52.4103977990504,12.7978878346519,50.582128108386,62.4658810977054,11.5790413742088,42.6596261155062,60.3328997919301,,,46.3161654968352,57.2857836408225,,,46.6208771119461,64.5988624034807,95.4949902723736,80.7277237354086,109.046471108644,140.428374802436,37.026130976848,143.137603898302,125.866268412151,120.334925674756,11.6271082030956,122.366847496656,127.107998414423,54.7490046456442,90.1947519832363,36.123054611559,115.932428393972,18.2872963971017,17.9486427601184,140.428374802436,139.976836619791,,52.1526600954384,,,79.2449510541075,39.6928882535239,,31.5087875826941,37.6468630858164,33.14560771686,,29.4627624149869,81.3972514674949,77.7324463066362,77.1537928601847,87.9553238606105,82.6510006014727,56.3222687879347,82.5545583603977,88.533977307062,25.0808410152351,43.9823443890355,39.2569685455853,27.261783712212,22.8998983182582,31.6236691061659,,17.0840511263196,24.5356053409907,21.4459365202735,21.8094269697697,27.261783712212,50.5251724799664,17.0840511263196,17.0840511263196,,,,,,,14.6406977457013,,,,,15.6167442620814,,,19.1955814888084,,26.6786047810558,18.5448838112217,,37.7404653000302,,15.4540698426848,,,,15.6196925823785,34.9996815271815,112.375010523223,115.122919403456,31.8178922974377,20.5370032101644,33.5534136954797,22.851031740887,57.2722061353879,129.007090587793,107.313073112267,109.60593385214,65.871200651957,,48.3951678259275,42.7938752534823,34.5039622462632,,,,24.0316532258066,0,11.335685483871,13.8295362903226,,,,14.05625,88.2839255079538,85.3814402857745,81.2695862210207,46.9235110918988,38.6998029623908,99.4101188596412,82.4789550635954,91.670158267163,,53.5257516493391,72.6031580416696,59.5215079440715,,84.8126981327613,17.6602276317575,22.3478189167302,67.8065530058837,46.4398578464735,56.251095419672,79.907079346162,
174,46.6335808979206,66.6310137734238,118.734756322784,23.3396888839844,82.1500998443083,24.5613031242635,13.6217734582659,51.6964762035184,38.2120541847426,13.4075,74.7962767954622,64.9322999548312,,,,,,44.5543766540644,47.2276392533082,51.6830769187145,48.5642705529301,,,55.5444562287334,51.0890185633271,51.0890185633271,50.1979310302457,8.76236074196597,41.138541110586,54.950397873346,9.50493368620039,45.4454641871456,48.4157559640832,,,39.2078514555766,50.4949602079395,,,43.9603182986768,54.950397873346,73.5659121621621,65.2673184121621,109.965922023497,148.35919652308,41.0002252372089,152.151124868717,123.237671233229,109.25493545869,11.0202917545099,116.127805585158,124.422648841241,59.0118848789885,90.4137914913017,41.2372207588112,117.905271997176,21.4480947050139,21.3295969442127,148.122201001477,146.226236828658,,51.428028187713,,,78.919508693587,26.2940798819573,,22.4533715845926,20.680736985809,,,21.5670542852008,96.4049372208914,80.0382720848144,80.4606376367132,88.6967658987391,80.6718204126626,60.1870911455729,82.1500998443083,88.0632175708909,25.5570316293014,36.5100451847162,37.1738641880747,26.2208506326597,19.9145701007543,27.8803981410559,,15.5997465789242,30.5356741544898,17.9231130906788,15.9316560806034,24.2293936225843,45.8035112317348,14.9359275755657,17.2592940873204,,,16.2413452771632,,,,11.5261160031481,,13.3598162763762,12.1810089578724,14.9315593677146,11.5261160031481,13.6217734582659,27.7674612803113,14.6696021858249,13.0978590944865,,12.8359019125968,,,,11.2641588212584,18.0750455503914,,31.1820015195827,27.5714539752098,33.4796226841834,67.4515927607813,65.1539715961804,27.2432223802669,17.3962745319776,21.8274010637077,16.7398113420917,40.8648335704003,68.764519140553,63.1025241277868,,54.7274335357756,,,37.2405612817408,25.9064774133849,,,,23.3475431034482,24.7345258620691,12.9451724137931,13.8698275862069,5.77909482758621,,,13.4075,77.7722559783057,73.4074865101354,73.8042837345146,44.0444919060812,58.0315940654449,81.3434309977177,72.8122906735667,78.5658504270639,,58.7834079136541,70.5892806327144,64.440388591537,,83.1330203967157,20.9062329400025,26.0713022545913,67.6378124529493,50.6668704193002,57.5536295054186,84.3627988049512,
174,43.6566778548211,75.4826985294119,114.578894112972,23.8892559921831,76.0717878091131,22.9975260811752,13.2164268352444,88.6589383450994,39.572386207656,12.5425,79.504672970367,54.1711531116507,,47.4240053854402,52.9641929304683,47.4240053854402,55.1802679484796,,,40.5541728296055,47.6456128872414,,,46.9807903818379,46.7591828800368,,,3.32411252701684,,,9.52912257744827,38.2272940606937,46.3159678764347,44.7647153638266,54.293837941275,41.2189953350087,49.4184729016503,47.4240053854402,43.8782853566223,33.6843402737707,51.8561554214628,81.8646176470588,72.9519375,108.566338283281,145.435784408743,45.150890947488,152.242451385751,113.444449616804,109.814227229066,22.6888899233609,110.948671725234,128.078783617372,61.7137805915413,95.8605599261994,38.3442239704797,121.158672190747,28.0207790553505,28.8148902026683,153.603784781152,156.553340471189,,57.289447056486,,,70.5624476616519,24.5718061633883,,23.8892559921831,25.7093897820637,0,,22.7516723735077,78.7476798425994,74.8294093649943,75.3072472281168,86.0108153620624,77.6008689711053,55.3336245495934,75.6895175186149,80.4678961498406,23.7727235895293,32.2998961814256,26.8735136229462,18.3463410310498,20.6719335561125,25.8399169451406,,20.4135343866611,20.1551352172097,22.0931289880952,20.4135343866611,37.2094804010025,24.0311227589808,17.829542692147,16.53754684489,,,15.2814935282513,,,,11.7708801501395,,16.7270402133561,14.3522135163982,15.9010135361534,10.5318401343354,17.0368002173072,26.226347001188,13.0099201659437,10.9448534729367,,13.2164268352444,23.3352536309782,,,5.36917340181802,13.6294401738457,,70.8442918551963,58.0011746182894,74.9872328993599,172.346347437203,166.131935870957,74.5729387949436,41.8437045460517,68.5656742809064,50.9581748432114,106.473584835003,195.961111388935,172.346347437203,,62.3054591354584,,,30.0301086824057,30.5914191250673,,,,24.1201923076924,18.3313461538462,11.1917692307692,13.3143461538462,5.40292307692308,,,13.7002692307692,81.1696922995893,79.504672970367,80.1290552188254,53.0724911189624,42.2498654790171,81.2737560076658,75.9665068957697,80.6493737592074,,36.4484919084564,56.177492115786,51.6632293564818,,69.5530854766874,20.8993646264085,24.5776528006564,55.1743226137184,44.4738479249971,49.4060979768296,64.5372379663494,
183,30.275,48.8725,71.254375,14.2725,78.93125,9.9475,10.59625,42.60125,11.6775,6.4875,71.3625,43.6825,,,,,,23.7875,36.97875,26.923125,33.95125,,,29.19375,32.65375,28.545,31.78875,4.7575,28.545,45.845,4.325,25.5175,35.0325,,,29.19375,45.845,,,26.3825,32.65375,58.82,44.76375,68.98375,97.09625,24.6525,105.31375,65.631875,72.44375,8.541875,60.33375,63.253125,38.27625,41.52,18.705625,55.7925,6.27125,8.541875,94.393125,85.41875,,34.38375,,,64.4425,,,18.81375,,,14.2725,8.00125,91.04125,81.09375,73.30875,82.82375,77.741875,50.81875,76.76875,84.3375,10.16375,14.05625,16.435,6.92,5.83875,9.73125,,3.784375,10.38,,2.1625,8.65,20.54375,4.97375,6.4875,,11.89375,11.6775,,,,8.86625,4.54125,14.2725,1.94625,,4.10875,,,13.4075,12.32625,,7.785,18.165,18.38125,,5.6225,11.46125,,29.518125,19.24625,,79.79625,78.715,29.19375,15.1375,27.2475,18.38125,46.92625,69.41625,47.35875,46.06125,,5.6225,19.67875,32.005,11.89375,,,8.109375,12.75875,,8.86625,5.19,5.6225,,,5.19,76.876875,75.03875,69.6325,59.46875,41.30375,76.76875,65.95625,76.33625,,,47.466875,47.79125,,59.03625,13.62375,10.38,,,37.735625,47.466875,
183,35.8975,58.60375,100.34,19.67875,86.5,17.08375,14.2725,51.9,13.62375,12.11,83.04,58.60375,,33.95125,39.57375,33.735,41.52,,,35.0325,42.8175,33.08625,40.330625,35.8975,40.655,,,7.56875,,,9.73125,,,36.7625,42.60125,,,36.54625,37.84375,,,72.44375,53.305625,94.825625,129.75,38.4925,121.965,102.826875,99.475,14.92125,90.825,104.340625,58.60375,68.98375,36.11375,91.149375,13.84,13.4075,131.48,126.50625,,50.6025,,,78.49875,21.40875,,19.67875,,20.003125,26.59875,16.435,97.3125,82.82375,82.82375,94.285,91.90625,55.035625,86.5,97.3125,17.51625,25.30125,23.13875,,14.705,21.1925,,12.975,19.4625,,11.89375,14.92125,29.62625,14.05625,11.89375,,15.1375,,,,,13.4075,,18.705625,,,8.43375,,,16.8675,14.2725,,12.975,,19.4625,,12.11,17.3,,,,,88.23,90.3925,49.305,25.95,35.68125,26.3825,54.71125,81.95875,75.90375,58.17125,12.75875,8.109375,29.8425,32.4375,14.92125,10.16375,,,24.00375,30.05875,12.5425,10.59625,8.43375,16.21875,,11.02875,89.31125,90.60875,79.36375,80.445,55.57625,98.82625,87.256875,94.06875,,,64.4425,59.2525,,76.33625,20.003125,19.4625,,,47.35875,65.3075,
364,26.7048045421318,61.9927521708269,123.451909688827,29.4388407956956,71.3520153948463,24.2655762104538,10.3607412672067,58.66046470859,31.586912259163,13.62375,70.5510746160354,51.7944105138758,,29.9506923870318,24.6392395499226,27.221195790184,27.8851273948226,,,26.2621834723727,28.032667751409,25.0080904413885,30.9834748831363,30.7621643482567,29.3605309606864,,,,,,8.26225996883633,,,28.475288821168,29.2129906041,,,30.0982327436181,26.9998852553045,,,72.7988999404352,54.0791828128946,117.290723807869,158.479392382422,41.9873408183809,162.244561531896,125.277446246147,119.57264450452,20.9936704091905,117.062531738203,131.210440057441,64.5783557152272,95.8406692593479,41.0745725397205,119.57264450452,26.812568185651,27.0407602553161,165.781538611705,169.318515691515,,60.3568024264226,,,85.5720261244177,30.5711039032225,,31.1372354569857,43.3090638628983,0,,23.777525258062,75.7807611779745,64.7909105309522,67.5793800981072,86.1145013386075,73.4843744756118,55.9334189646956,76.4368716643641,77.9131202587402,24.0344754846399,28.3098389121962,29.8119936299862,,19.6435616941769,26.1143820169647,,19.4124609683631,26.8076841944061,,24.4966769362677,29.4653425412654,39.5182241141676,21.03016604906,20.3368638716185,,,6.78381868686154,,,,10.7307677410355,4.31697552800279,13.8759927685804,8.0172402662909,9.55901724057762,3.94694905417398,12.8275844260654,14.3693614003522,11.1007942148643,9.62068831954909,,8.51060889806266,11.3474785307502,,,10.6894038461538,11.840847162522,,,,,113.309957471293,115.315443444237,48.3823490972559,38.1042334859218,45.374120137841,34.0932615400353,65.9303513605092,93.505783488479,83.9797251169986,62.9221224010944,37.6490469351638,16.5911054290553,41.7968232924276,52.4853239053769,26.8010164623202,,,,28.9242692307692,19.2828461538462,15.9293076923077,14.4621346153846,9.22223076923076,19.2828461538462,,11.9469807692308,78.5135318561654,74.2545430998169,69.2548606467119,63.9774180573234,41.2936735941626,70.7362480402245,63.3293110726617,73.5138494030606,,,56.0962718522375,55.0638251310308,,66.5928135178403,18.0678176211195,20.3047855170676,,,44.0510601048246,57.9890908411167,
364,25.0522019673874,59.8332501085272,112.817273071219,28.3672093816209,68.7601271996818,19.1093425423725,10.8513918878021,62.0362077381822,20.7740961719856,11.1162797619048,68.913492642868,51.6890276074857,,,,,,35.4906194537989,29.0377795531082,34.5416724095797,33.7825147742044,,,34.9212512272674,24.1032549231682,26.950096055826,21.7308873126201,5.69368226531534,32.833567729985,27.3296748735136,7.78136576259763,27.1398854646698,36.2497770891743,,,29.6071477796397,29.9867265973274,,,27.3296748735136,29.0377795531082,65.5764067507069,57.0138823023662,103.213454326409,140.414453372398,45.8113192999568,140.304064651193,113.038050513628,115.687379822542,13.9089788717941,107.739391895802,117.012044476998,55.4151380447671,94.2719679088269,30.6880644949109,113.038050513628,20.3115247016676,20.3115247016676,136.330070687823,137.544346621075,,52.9865861782634,,,74.8435529767968,30.9202582259667,,27.232521006356,34.4661593986694,0,,25.2468163496425,80.5217279048903,66.9506501681112,70.5696042312523,73.1933459270297,68.2172840902106,49.0368275555624,67.8553886838964,72.1981335596657,17.5718092343655,26.5773614669779,26.1380662361186,19.1093425423725,16.4735711572177,22.1844091583865,,11.202028386908,17.1325140035064,16.2539235417881,15.2655092723551,18.8896949269429,31.8489042372874,18.4503996960838,18.4503996960838,,,15.4765753153898,,,,8.53880017400818,,,15.6544669856817,10.8513918878021,9.78404186605105,,24.0153754893981,11.0292835580939,10.3177168769266,,10.8513918878021,13.3418752718878,,,13.5197669421796,12.2745252501368,,,,,115.980736206167,105.19183051257,52.8411176584121,32.8571218850451,45.8528491977867,34.5735386999355,69.8826846062526,103.230211295552,81.4071975062311,65.9940908701382,26.2660986082575,10.5064394433031,31.361624324846,31.9968837591503,20.057748028124,,12.0791071428572,,20.8320833333333,22.4076190476191,9.97839285714285,11.378869047619,5.60190476190476,,,,75.0103968177061,71.4076807143926,67.9897192830439,48.2209693828111,43.6021025836913,75.0103968177061,66.8811912512553,72.423831410199,,35.6576562630586,54.2151830920621,55.5754206606801,,67.6232391255828,17.2944490867151,18.071727697354,52.174826739135,42.1673646271594,41.9730449744996,64.5141246830272,
366,35.5887021571616,54.0612025114796,137.636110949987,33.4569740675273,80.7958137094696,26.2145116723432,12.2437293856712,58.9601442736926,34.517751173554,14.05625,74.6344423487289,56.5521863725891,,40.6728024653276,,42.9324026022903,,,,49.9936530302985,37.0009522427632,42.2262775594894,47.7340528933357,47.4516028762155,31.634401917477,,,,,,11.8629007190539,,,40.6728024653276,49.1463029789376,,,44.6271027050122,37.0009522427632,,,57.6425440027765,52.8674220143807,121.460320590916,176.940443664571,63.9936969468496,183.893195661013,142.176683682358,125.007643038081,29.9394014540693,134.514467196482,148.419971189367,73.5005211052507,119.757605816277,42.000297774429,141.041540499265,38.0272966336045,32.3515807181412,181.622909294828,182.474266682147,137.352325154214,69.8113057601995,74.3518784925702,56.1895875630874,92.5141694220531,42.7863226055879,,,,,27.6663439404553,22.1974154871094,92.1816736360072,79.482060641023,86.0508259832562,85.1749906042917,74.3365277896069,60.4326411485464,80.1389371752462,82.5474844673985,0,,31.1078871845139,,25.1659312054494,34.9526822297909,,,36.1760261078337,,30.4088335399182,39.4965309196637,,22.7192434493642,16.4277606480018,,,,,,,,8.50835431885625,,20.6483232860048,,0,,,11.6211668745354,10.2722814337411,,,18.2618336599841,18.2618336599841,17.2242294747578,,9.54595850408262,14.1114169190787,,,,108.453110909943,100.543823263472,38.8274120826757,26.3642921549033,39.4266005407417,27.8023444542617,62.3155996388621,89.1592425602181,63.9933273214469,71.4232642014651,,29.8972647959916,45.1176905103146,,32.0716113266091,,,14.8830882352941,40.3772671568628,,15.1587009803922,20.946568627451,7.99276960784314,,,11.3001225490196,85.0628164851267,74.6344423487289,75.4523540457014,82.3023645078449,49.5858966289501,64.4105461365744,52.4485875683535,62.1612889699004,,,67.4358146933515,65.72857887833,,67.2224102164739,16.2187402427048,19.4198073958702,,,60.3934669563876,57.6192087569776,
551,15.8421117640135,37.1186568602261,98.7704898643937,15.6124901062191,62.8197741876638,17.815170382918,10.1610279244258,41.5187571350673,24.7197760015137,10.59625,63.973563596872,44.5826955711823,,15.5413121735575,17.0453101258373,15.7919784989375,15.7418452338615,,,19.2010405241049,20.3541056208527,15.1903793180256,16.8447770655333,20.1034392954728,18.649574608269,,,,,,4.81279344729522,,,16.8447770655333,15.9423782941655,,,18.749841138421,13.4357150403659,,,43.2851434031346,34.8436424075025,90.4144313112273,135.199149624265,33.9875640027668,132.288612375409,92.3860855765812,96.4232824056392,20.1859841452896,94.827181333686,106.093777135708,55.7696492200095,84.3116919184654,30.7953618588603,101.9626920083,28.6359309968061,30.7953618588603,122.805894242041,128.720857038102,,47.1319257717924,,,65.2523673533781,17.2387911589502,,16.1003804220384,,0,20.9792835802319,13.4982987376686,62.4792876067009,57.882718763701,62.8197741876638,76.0987508452187,73.9707097142003,49.7110408205902,65.7139101258488,69.4592625164413,18.8509361028551,22.5796926946286,21.1296206867167,22.1653864066538,13.6721075031697,22.7868458386161,,13.2578012151948,18.4366298148803,,11.8077292072829,21.7510801186791,28.7942870142513,16.1579452310187,17.4008640949432,,,9.71924410162464,,,,10.4555504729598,3.68153185667598,14.3579742410364,7.95210881042016,10.1610279244258,5.74318969641455,13.6952985068347,,12.0754244898973,8.98293773028944,,6.92127989055088,13.4744065954341,14.873388700971,,10.0137666501587,11.044595570028,,,,,96.5090258937472,93.8588924595938,39.5311570594525,24.7345787187636,33.3475123797617,25.838800982994,56.0944910229101,81.0499141945198,66.0324914009848,38.0765576824256,21.141913685505,18.0247155087686,28.7763001982094,26.5087071595179,27.5114078818047,,,,24.0660593220338,25.4130402542372,11.1350423728814,10.7758474576271,5.9267161016949,,,10.9554449152542,72.1581709499965,65.810924431247,63.973563596872,54.7867594249974,39.0856759312482,61.8021371562471,58.6285138968722,60.4658747312472,,,52.9229957630701,47.160606539584,,57.927175878203,15.9223912754223,15.3158239887395,,,40.1850827427324,46.0991137878891,
551,20.2117085052162,43.6281235635444,111.103849000443,24.284324790026,64.62541034195,22.1815677185544,10.1670015286577,50.4983658746425,26.9488551091991,12.434375,70.5334000110934,52.4425936865967,,,,,,23.6284095075419,23.8418013526768,25.3190358115401,25.2425271896219,,,24.5244400739846,23.5894537174255,22.0844871349637,21.2898913974082,2.94885708446754,18.7748327947841,18.3417357920981,4.02703997665963,18.5954863856641,22.0135903463045,,,20.4293092252952,19.997615180924,,,17.9507512357366,23.1654759437852,50.7885108101465,40.2548920767292,98.3403115445776,138.780760710678,39.5778470334327,142.313081541899,110.03729968304,110.765330016447,20.7150549298763,103.333716719416,117.834172927511,61.0618995854571,79.6898022922123,35.8783450575951,109.254920440705,21.360328257621,20.5378487085846,138.995577677199,142.614834485775,102.081892837415,45.290102170113,,,67.1544634230548,24.2612220300627,,27.0822400162117,,0,35.648232546263,18.5708605790157,66.5861328941147,66.1339926392182,62.5060255148448,68.5186803054126,55.8289212980577,46.4487266654343,67.7115017317984,64.2775259942097,21.1143296762607,30.4877493023784,34.30302843471,8.1939148577525,16.8881165135179,26.9816957908241,,15.6275142277098,11.1330171250261,17.3682981600224,14.1995505673656,23.5989730624615,49.6398505046918,17.571714979291,14.6197513293016,,,11.7402654051356,,,,8.58041513428838,3.56238693622885,8.71042142420184,7.28035223515377,11.1805409325576,4.9492101088891,13.8421231723199,,10.1404906132499,8.45040884437491,12.3425652922263,8.84096419561539,19.2507067216199,17.0057883873808,,9.98939779664263,9.16544343889894,,,,,92.9967422174999,98.9494290973751,52.8872987048033,38.5271712419097,47.9838405467419,37.8266772193295,64.7956970886661,86.0008758640348,63.5738009742646,60.1041855619762,,15.035786412175,38.0070084788112,52.6443864480685,25.2156195736182,,,10.8742857142857,23.3492075892857,,12.4729910714286,11.21796875,8.9203125,13.5928571428572,,12.2161941964286,77.4873561560031,72.5033805007919,69.911572058139,63.7408648282257,34.2591976198179,67.4888286311388,53.1476975070751,65.3820952163559,,,60.4947590832047,46.2093916100889,,69.7438427579546,14.3954694415358,18.5915259385401,,,42.1092337070259,58.1323876082434,
552,15.4910652698648,43.2385316539608,104.431399555798,18.6253145383806,64.8627752085802,18.1303588142312,12.3547828817124,39.3263052004218,22.7663845659079,10.59625,64.579672095811,50.5994229843775,,,,18.4824433909421,19.070035521868,,,14.5295508738042,25.7472188278441,17.5209289948815,17.6277639277772,17.6277639277772,12.4996871487874,,,3.09821305397295,,,4.70073704740725,,,18.802948189629,19.4439577870027,,,18.2687735251509,15.704735135656,,,51.2807093138879,39.3593636062314,95.9639887810038,130.304043589893,36.3393045751596,131.715278719025,109.370722507762,100.197694168401,15.8763952027396,101.138517587823,116.662104008279,46.3355534065142,82.0868433445353,31.0471728409131,101.373723442678,16.2292039850227,19.1692771707152,140.18268949382,141.829130477807,,42.5722597288277,,,68.5625066903496,21.6382330666481,,18.8992162227685,31.4986937046142,0,,15.3384943257252,65.0439561449171,56.166090264413,63.2321467815489,74.1935934299264,66.8557655082852,44.7516912751936,67.0369464446221,74.8277267071052,16.75684678285,24.997918971137,24.4485141585845,,14.8339299389164,26.9208358150706,,14.0098227200877,17.855656407955,,12.0869058761541,17.5809540016787,32.9642887531476,15.1086323451927,14.8339299389164,,,12.7666089777695,,,,12.3547828817124,5.55965229677057,,11.5311306895982,14.6198264100263,6.58921753691326,14.9286959820691,,12.1488698336838,13.5902611698836,,8.2365219211416,,18.7380873705971,,10.7074784974841,14.6198264100263,,37.0129931298086,38.6323115792379,36.7816619227474,98.5470942081157,94.8457948951348,48.1168910687513,23.595783120253,32.7333657991746,16.1931844942913,48.8108846899352,87.4431962691731,74.0259862596174,55.2881584876519,29.1409722443621,9.86543331189341,30.0516276269984,35.5155599228162,18.2131076527263,,,,19.67875,30.383125,11.46125,9.29875,6.70375,16.0025,,9.73125,69.3381742502391,66.6190301619944,63.7056614960182,50.1099410547947,36.1257714581078,75.6504730265214,62.151864874164,68.755500517044,,43.4664646782098,55.9491417140033,53.1628298756567,,68.431818749797,16.0491561888775,18.0553007124871,57.0636664493421,36.5564113191097,41.4603201546001,57.7323812905454,
549,33.95125,47.79125,81.95875,16.435,85.41875,13.19125,13.19125,62.49625,11.02875,9.515,68.55125,44.115,,,,28.653125,35.356875,,,31.5725,42.60125,,,33.3025,40.00625,33.95125,35.8975,7.13625,29.19375,42.60125,8.43375,28.1125,43.46625,,,30.05875,39.57375,,,30.275,47.35875,63.036875,42.60125,79.58,120.45125,26.923125,117.42375,90.825,82.82375,18.38125,72.66,85.85125,48.44,56.6575,22.49,68.7675,13.299375,12.975,120.126875,111.80125,,44.33125,,,66.496875,17.94875,,17.94875,,34.1675,17.51625,12.11,107.47625,83.4725,84.3375,90.17625,97.52875,55.57625,80.8775,93.63625,15.35375,18.165,16.21875,,11.02875,23.13875,,9.73125,19.67875,,11.136875,15.57,27.89625,10.704375,8.43375,,,,12.975,,,,10.59625,12.5425,11.89375,,7.3525,,,12.75875,13.19125,,10.38,19.67875,16.435,18.165,,14.2725,,,,,93.42,84.12125,48.0075,34.6,43.46625,34.1675,71.795,81.95875,56.6575,56.87375,,6.055,18.81375,28.1125,11.46125,,,7.56875,20.3275,,10.16375,8.86625,7.13625,8.758125,,9.0825,73.9575,71.3625,66.1725,62.28,33.735,82.39125,65.09125,73.0925,,,50.17,50.6025,,60.1175,14.92125,15.1375,,,47.1425,45.845,
549,24.6525,44.5475,57.09,7.785,72.66,7.13625,5.40625,47.35875,9.29875,3.8925,57.955,22.27375,,28.545,36.11375,26.3825,37.84375,,,15.461875,23.463125,18.5975,27.03125,18.489375,24.86875,,,,,,4.325,,,26.815,33.51875,,,26.59875,27.46375,,,59.03625,36.33,42.276875,81.52625,18.165,90.284375,42.385,52.98125,11.89375,43.358125,49.52125,36.33,37.735625,22.0575,47.1425,7.3525,6.92,93.528125,71.57875,,30.7075,,,57.630625,10.271875,,11.02875,,15.1375,4.325,5.40625,100.34,73.0925,79.58,72.01125,85.310625,45.19625,66.1725,76.33625,7.56875,6.27125,11.89375,,4.325,10.8125,,2.81125,8.00125,,4.54125,9.73125,17.840625,3.67625,3.0275,,,,4.325,,,,3.0275,3.67625,8.65,,2.37875,6.70375,,4.10875,5.6225,,3.67625,10.38,6.27125,7.13625,,4.97375,,,,,82.6075,79.58,31.35625,19.24625,31.78875,28.9775,57.5225,68.7675,48.548125,37.84375,,4.325,14.2725,24.00375,9.29875,,,2.37875,14.05625,,4.54125,3.67625,3.46,2.37875,,2.595,60.9825,64.22625,60.225625,43.6825,34.924375,60.441875,43.46625,54.27875,,,33.735,32.4375,,31.031875,5.6225,7.3525,,,25.5175,22.9225,
