,AAA,ACAd,ACAv,ACB,AId,AIp,AIv,AM,AON,AUDd,AUDp,AUDpo,AUDv,BLA,BST,CA1,CA3,CEA,CLA,CM,CP,DG,ECT,ENTl,ENTm,EPd,FRP,FS,GU,IAD,LD,LGd,LP,LSv,MD,MG,MOp,MOs,NDB,ORBl,ORBm,ORBvl,OT,PAA,PAR,PB,PIR,PO,POST,PRNr,PSV,PVT,PoT,ProS,RE,RSPagl,RSPd,RSPv,RT,SGN,SI,SMT,SSp-bfd,SSp-ll,SSp-m,SSp-n,SSp-tr,SSp-ul,SSp-un,SSs,SUB,TEa,TR,TRN,VAL,VISC,VISa,VISal,VISam,VISl,VISli,VISp,VISpm,VISpor,VISrl,VM,VPL,VPLpc,VPM,VPMpc
AAA,0.0,0.0,0.0,0.0,0.0,0.0,0.0,0.0,0.0,0.0,0.0,0.0,0.0,0.0,0.0,0.0,0.0,0.0,0.0,0.0,0.0,0.0,0.0,0.0,0.0,0.0,0.0,0.0,0.0,0.0,0.0,0.0,0.0,0.0,0.0,0.0,0.0,0.0,0.0,0.0,0.0,0.0,0.0,0.0,0.0,0.0,0.0,0.0,0.0,0.0,0.0,0.0,0.0,0.0,0.0,0.0,0.0,0.0,0.0,0.0,0.0,0.0,0.0,0.0,0.0,0.0,0.0,0.0,0.0,0.0,0.0,0.0,0.0,0.0,0.0,0.0,0.0,0.0,0.0,0.0,0.0,0.0,0.0,0.0,0.0,0.0,0.0,0.0,0.0,0.0
ACAd,0.0,2.081681101577928,1.4399316835043743,0.0,0.0,0.0,0.0,4.40397654440976,0.0,0.0,0.0,0.0,0.0,0.0,0.0,0.0,0.39331393053327673,0.0,0.0,0.0,0.9296457347195048,0.0,0.0,0.0,0.0,0.0,0.0,0.0,0.0,0.0,0.0,0.0,1.1897629821620304,0.0,1.798547130527268,0.0,0.0,0.9188396439469904,0.0,0.0,0.0,0.0,0.0,0.0,0.0,0.0,0.0,0.5,0.0,1.5023398379109338,0.0,0.0,0.0,0.0,0.4615581731933179,0.0,0.0,0.0,0.0,0.0,0.0,0.0,0.0,0.0,0.0,0.0,0.0,0.0,0.0,0.0,0.0,0.0,0.0,0.0,0.0,0.0,0.0,0.0,0.0,0.0,0.0,0.0,0.0,0.0,0.0,0.8560400200795478,0.0,0.0,0.0,0.0
ACAv,0.0,2.32101879660877,3.599903412406851,0.0,0.0,0.0,0.0,0.3093916959030704,0.0,0.0,0.0,0.0,0.0,0.0,0.0,0.0,0.7050592016347723,0.0,0.0,0.0,0.9861522994707916,0.0,0.0,0.0,0.0,0.0,0.0,0.0,0.0,0.0,0.0,0.0,0.0,0.0,0.0,0.0,0.0,0.4652282593272285,0.0,0.0,0.0,0.0,0.0,0.0,0.0,0.0,0.0,0.0,0.0,0.0,0.0,0.0,0.0,0.0,1.3901128051889262,0.5340327485189721,0.6311015564422534,0.5845543694409815,0.0,0.0,0.0,0.0,0.0,0.0,0.0,0.0,0.0,0.0,0.0,0.0,0.0,0.0,0.0,0.0,0.0,0.0,0.0,0.0,0.0,0.0,0.0,0.0,0.24337612797998584,0.0,0.0,0.0,0.0,0.0,0.0,0.0
ACB,0.0,0.0,0.0,1.6136969187752517,0.0,0.0,0.0,0.0,1.4337592500562129,0.0,0.0,0.0,0.0,0.0,0.0,0.0,0.0,0.0,0.0,0.0,0.9923273476979628,0.0,0.0,0.0,0.0,0.0,0.0,2.8788920096898947,0.0,0.0,0.0,0.0,0.0,0.0,0.0,0.0,0.0,0.0,0.44346021835857874,0.0,0.0,0.0,0.0,0.0,0.0,0.0,0.0,0.0,0.0,0.0,0.0,0.0,0.0,0.0,0.0,0.0,0.0,0.0,0.0,0.0,1.5049404222862832,0.0,0.0,0.0,0.0,0.0,0.0,0.0,0.0,0.0,0.0,0.0,0.0,0.0,0.0,0.0,0.0,0.0,0.0,0.0,0.0,0.0,0.0,0.0,0.0,0.0,0.0,0.0,0.0,0.0
AId,0.699578041652581,0.9003612171135713,0.4523497181920558,0.46549881540539195,1.2624792036779657,0.7235547624767199,0.8468638903854788,0.0,0.4909184902532306,0.0,0.0,0.0,0.0,1.2942229899977917,0.0,0.0,0.0,0.8549734533133146,0.735602004216843,0.5611343195684895,0.8799839467789091,0.0,0.9172608692561827,1.0516503566085154,0.9593531955787097,1.1188919047485961,1.0337789779037432,0.4477587365385802,0.956384253208034,0.0,0.0,0.0,0.0,0.0,1.561578208666668,0.0,0.9260344704633592,1.0463038310998793,0.0,1.0788818859845228,0.9086451006857582,0.7902037098587957,0.5548942313297537,0.43171052342907973,0.0,0.4260718944831057,0.532812406112405,0.0,0.4803947195761616,0.0,0.0,0.0,0.0,0.0,0.4496884752194945,0.0,1.0113499520256846,0.2533084961827948,0.0,0.0,0.2338332135049546,0.5697600812053178,0.9255130312461772,0.49173329596281545,0.790257735262757,1.3749197588703996,0.3604021797009029,1.161282371505297,1.1584336895612957,0.8894889709284315,0.0,0.6538559368837895,0.4517914722581474,0.0,0.0,1.4352056822439616,0.0,0.0,0.0,0.8326425306188411,0.5782640408283581,1.4799380047785757,0.0,1.173375253292702,0.0,0.5638080603089571,0.0,0.0,0.0,0.5889207593100231
AIp,0.0,0.9741963677621123,1.1322173485609768,0.0,0.4803947195761616,0.5991172707773327,0.18393972058572114,0.0,0.0,0.18393972058572114,0.0,0.5705927688855744,0.0,0.0,0.0,0.0,0.0,0.0,0.8223671578820828,0.0,0.48749422189180897,0.0,0.40856576905482656,1.0395264761565866,0.3943609695240406,0.9232855338016398,0.0,0.0,0.0,0.0,0.0,0.0,0.0,0.0,0.0,0.0,0.0,1.0116742667430576,0.0,0.0,0.0,0.0,0.0,0.0,0.42420329277117846,0.0,0.0,0.0,0.0,0.0,0.0,0.0,0.0,0.0,0.0,0.7024463009841643,0.7895207273706594,0.6239286317444541,0.0,0.0,0.0,0.0,0.5853712132162211,0.0,0.0,0.0,0.5958205303101156,0.0,0.0,0.5363471605995885,0.0,0.904423585148756,0.0,0.0,0.0,0.4615581731933179,0.0,0.7187234731467314,0.37242310329617134,0.5606655764875887,0.4231399376404218,0.8706976507201302,0.8285262825584009,1.025041308068903,0.5,0.0,0.0,0.0,0.0,0.0
AIv,0.4894421923505785,0.0,0.0,0.4771636810387686,1.066182243712886,0.0,1.7048864857328836,0.0,0.6688854151609457,0.0,0.0,0.0,0.0,0.0,0.0,0.0,0.0,0.0,0.0,0.999832465005524,0.7474562713972075,0.0,0.0,0.0,0.0,0.6548138010939193,0.0,0.0,1.10121116582905,0.0,0.0,0.0,0.0,0.0,0.0,0.0,0.0,0.191446442987556,0.0,1.5417554002816192,1.6568077442915705,0.7744072124461461,0.7736222636250826,0.0,0.0,0.0,2.735651699852066,0.0,0.0,0.0,0.0,0.0,0.0,0.0,0.41743583305141,0.0,0.0,0.0,0.0,0.0,1.8072365217140929,0.0,0.0,0.0,0.0,0.0,0.0,0.0,0.0,0.0,0.0,0.0,0.0,0.0,0.0,0.0,0.0,0.0,0.0,0.0,0.0,0.0,0.0,0.0,0.0,0.0,0.0,0.0,0.0,0.0
AM,0.0,0.4966846241627806,1.5116566781123677,0.0,0.0,0.0,0.0,1.3771807666884242,1.4641557354712411,0.0,0.0,0.0,0.0,0.0,0.0,0.0,0.0,0.0,0.0,0.0,0.5531182887713272,0.0,0.0,0.0,0.0,0.0,0.0,0.0,0.0,0.0,0.0,0.0,0.0,0.0,0.0,0.0,0.0,0.0,0.0,3.2442134889999377,0.0,1.211379423587129,0.0,0.0,0.0,0.0,0.0,0.0,0.0,0.0,0.0,0.0,0.0,0.0,0.4615581731933179,0.0,0.0,0.0,0.40860420264433195,0.0,0.0,1.4803947195761615,0.0,0.0,0.0,0.0,0.0,0.0,0.0,0.0,0.0,0.0,0.0,0.0,0.0,0.0,0.0,0.0,0.0,0.0,0.0,0.0,0.0,0.0,0.0,0.0,0.0,0.0,0.0,0.0
AON,0.0,0.0,0.0,0.6553023500454304,0.0,0.0,0.0,0.0,0.8136799217383383,0.0,0.0,0.0,0.0,0.0,0.0,0.0,0.0,0.0,0.0,0.0,0.0,0.0,0.0,0.0,0.0,0.7967181962111376,0.0,0.0,0.0,0.0,0.0,0.0,0.0,0.0,0.0,0.0,0.0,0.0,0.0,0.0,0.0,0.0,0.5397682928926026,0.0,0.0,0.0,0.9128880354138811,0.0,0.0,0.0,0.0,0.0,0.0,0.0,0.0,0.0,0.0,0.0,0.0,0.0,0.0,0.0,0.0,0.0,0.0,0.0,0.0,0.0,0.0,0.0,0.0,0.0,0.0,0.0,0.0,0.0,0.0,0.0,0.0,0.0,0.0,0.0,0.0,0.0,0.0,0.0,0.0,0.0,0.0,0.0
AUDd,0.0,0.0,0.0,0.0,0.0,0.0,0.0,0.0,0.0,2.524962686106178,1.021408881080517,0.6143637503177278,2.1784157695477897,0.0,0.0,0.0,0.528114809438153,0.0,0.0,0.0,0.705100460307432,0.0,0.0,0.0,0.0,0.0,0.0,0.0,0.0,0.0,0.0,0.0,0.0,0.0,0.0,0.0,0.8980444055058568,0.6456915292519908,0.0,0.0,0.0,0.0,0.0,0.0,0.0,0.0,0.0,0.0,0.0,0.0,0.0,0.0,0.0,0.0,0.0,0.8584269490696919,0.0,0.0,0.0,0.0,0.0,0.0,0.5772135305359876,0.9448775684623396,0.8338527999655266,0.4093653765389909,1.336776505862516,0.6080119538746431,0.0,2.040730652014344,0.0,0.6034818932507109,0.0,0.0,0.0,1.1903271309087238,0.7114037038407532,0.0,0.9048912385002673,0.0,0.0,0.0,0.0,0.0,1.7465928772706218,0.0,0.0,0.0,0.0,0.0
AUDp,0.0,0.0,0.0,0.0,0.0,0.0,0.0,0.0,0.0,1.6156281055949595,3.3490447724640107,1.5622926078835824,3.074835218497631,0.0,0.0,0.4833127895871664,0.0,0.33516002301781966,0.0,0.0,0.7651486314304369,0.0,0.0,0.0,0.0,0.0,0.0,0.0,0.0,0.0,0.0,0.0,0.0,0.0,0.0,0.0,0.0,0.6837697560128569,0.0,0.0,0.0,0.0,0.0,0.0,0.0,0.0,0.0,0.0,0.0,0.0,0.0,0.0,0.0,0.39331393053327673,0.0,0.8103963362288333,1.1476483518780922,0.43067657774678947,0.0,0.0,0.0,0.0,0.0,0.6155062125879509,0.0,0.0,0.0,0.0,0.0,0.9524685782131836,0.0,1.4737235311869177,0.0,0.0,0.0,1.058930870573967,1.8888772890038523,1.1177400029770594,0.7851463536077168,1.3937442618674039,1.0526567029173344,1.2171937969003968,1.5248159175851894,0.5300741840070984,0.0,0.0,0.0,0.0,0.0,0.0
AUDpo,0.0,0.0,0.0,0.0,0.0,0.0,0.0,0.0,0.0,0.0,0.0,0.0,0.0,0.0,0.0,0.9802770081012155,0.0,0.0,0.0,0.0,0.0,0.0,0.0,0.0,0.0,0.0,0.0,0.0,0.0,0.0,0.0,0.0,0.0,0.0,0.0,0.0,0.0,0.0,0.0,0.0,0.0,0.0,0.0,0.0,0.0,0.0,0.0,0.0,0.0,0.0,0.0,0.0,0.0,0.0,0.0,0.5714150509281272,0.6623777656591302,1.0664370926288198,0.0,0.0,0.0,0.0,0.0,0.0,0.0,0.0,0.0,0.0,0.0,0.0,0.0,0.8042333725423647,0.0,0.0,0.0,0.0,0.0,0.0,0.3829996257502845,0.0,0.0,0.0,0.6585844342340085,0.8802236705257164,0.0,0.0,0.0,0.0,0.0,0.0
AUDv,0.0,1.0320939439648789,0.0,0.0,0.5847603735208328,1.121273703812894,0.8870707666092782,0.0,0.0,0.7570321006659742,1.2024434950002367,0.6764705136969161,4.6066710801996456,0.0,0.0,0.9473671920544309,0.0,0.0,0.0,0.0,0.5680695259218586,0.0,0.8861890912483121,0.8726392131436822,0.4614908511765347,0.0,0.0,0.0,0.2972602739850972,0.0,0.0,0.0,0.0,0.0,0.0,0.0,0.5203148133205142,0.5965355172249208,0.0,0.0,0.0,0.0,0.0,0.0,0.8061364694025595,0.0,0.43171052342907973,0.0,0.0,0.0,0.0,0.0,0.0,0.7421520935687922,0.0,0.4753617523546298,0.7655760183500486,0.4052122472694076,0.0,0.0,0.0,0.0,0.9062324468849353,0.5756049558587742,0.0,0.0,0.0,0.8761393662365435,1.0825298912269135,1.0371322540190184,1.3848048907486485,1.0414831070141186,0.0,0.0,0.0,0.6130070110354329,0.8223657836983449,1.0466086664499035,1.5121530997250865,0.399794982300261,0.3544198418285554,0.7013150763609286,1.1870411853790739,0.7248116762409936,0.5104672403994147,0.0,0.0,0.0,0.0,0.0
BLA,0.0,0.0,0.0,0.0,0.0,0.0,0.0,0.0,0.0,0.0,0.0,0.0,0.0,1.163991075272882,0.0,0.0,0.0,0.6099343680694679,0.0,0.0,0.0,0.0,0.0,0.0,0.0,0.0,0.0,0.0,0.0,0.0,0.0,0.0,0.0,0.0,0.0,0.0,0.0,0.0,0.0,0.0,0.0,0.0,0.0,0.0,0.0,0.0,0.0,0.0,0.0,0.0,0.0,0.0,0.0,0.0,0.0,0.0,0.0,0.0,0.0,0.0,0.0,0.0,0.0,0.0,0.0,0.0,0.0,0.0,0.0,0.0,0.0,0.0,0.0,0.0,0.0,0.0,0.0,0.0,0.0,0.0,0.0,0.0,0.0,0.0,0.0,0.0,0.0,0.0,0.0,0.0
BST,0.0,0.0,0.0,0.0,0.0,0.0,0.0,0.0,0.0,0.0,0.0,0.0,0.0,0.0,0.0,0.0,0.0,0.0,0.0,0.0,0.0,0.0,0.0,0.0,0.0,0.0,0.0,0.0,0.0,0.0,0.0,0.0,0.0,0.0,0.0,0.0,0.0,0.0,0.0,0.0,0.0,0.0,0.0,0.0,0.0,0.0,0.0,0.0,0.0,0.0,0.0,0.0,0.0,0.0,0.0,0.0,0.0,0.0,0.0,0.0,0.0,0.0,0.0,0.0,0.0,0.0,0.0,0.0,0.0,0.0,0.0,0.0,0.0,0.0,0.0,0.0,0.0,0.0,0.0,0.0,0.0,0.0,0.0,0.0,0.0,0.0,0.0,0.0,0.0,0.0
CA1,0.0,0.0,0.0,4.070045968848925,0.0,0.0,0.0,0.0,0.0,0.0,0.0,0.0,0.0,0.0,0.0,5.3402698671578355,0.44488004805757625,0.0,0.0,0.0,0.0,0.0,0.0,2.8520653318186886,1.2716143923195298,0.0,0.0,0.0,0.0,0.0,0.0,0.0,0.0,0.0,0.0,0.0,0.0,0.0,0.0,0.0,0.0,0.0,1.3747897552927908,0.0,0.0,0.0,0.0,0.0,0.0,0.0,0.0,0.0,0.0,1.1273999389442997,0.0,0.0,0.0,0.0,0.0,0.0,0.0,0.0,0.0,0.0,0.0,0.0,0.0,0.0,0.0,0.0,2.6668735985440812,0.0,0.0,0.0,0.0,0.0,0.0,0.0,0.0,0.0,0.0,0.2636462120215243,0.0,0.0,0.0,0.0,0.0,0.0,0.0,0.0
CA3,0.0,0.0,0.0,0.0,0.0,0.0,0.0,0.0,0.0,0.0,0.0,0.0,0.0,0.0,0.0,0.0,168.73596641837494,0.0,0.0,0.0,0.0,0.0,0.0,0.0,0.0,0.0,0.0,0.0,0.0,0.0,0.0,0.0,0.0,0.0,0.0,0.0,0.0,0.0,0.0,0.0,0.0,0.0,0.0,0.0,0.0,0.0,0.0,0.0,0.0,0.0,0.0,0.0,0.0,0.0,0.0,0.0,0.0,0.0,0.0,0.0,0.0,0.0,0.0,0.0,0.0,0.0,0.0,0.0,0.0,0.0,0.0,0.0,0.0,0.0,0.0,0.0,0.0,0.0,0.0,0.0,0.0,0.0,0.0,0.0,0.0,0.0,0.0,0.0,0.0,0.0
CEA,0.0,0.0,0.0,0.0,0.0,0.0,0.0,0.0,0.0,0.0,0.0,0.0,0.0,1.0172446279265983,0.0,0.0,0.0,0.7874576337731779,0.0,0.0,1.0469059627409472,0.0,0.0,0.0,0.0,0.0,0.0,0.0,0.0,0.0,0.0,0.0,0.0,0.0,0.0,0.0,0.0,0.0,0.0,0.0,0.0,0.0,0.0,1.3123867834504237,0.0,1.024223580607507,0.0,0.0,0.0,0.0,0.0,0.0,0.0,0.0,0.0,0.0,0.0,0.0,0.0,0.0,0.0,0.0,0.0,0.0,0.0,0.0,0.0,0.0,0.0,0.0,0.0,0.0,0.0,0.0,0.0,0.0,0.0,0.0,0.0,0.0,0.0,0.0,0.0,0.0,0.0,0.0,0.0,0.0,0.0,0.0
CLA,0.0,0.9632445854584538,0.9752330776006137,0.18393972058572114,1.0493072377290464,0.9670840751350349,1.0906834669310714,0.0,0.3623322410293054,0.9020533378526823,0.5806455472358962,1.0218497515960305,0.6230095455162642,0.8488381630355155,0.0,0.7588028506524062,0.0,0.0,1.1802518825072819,0.0,0.8945747628556416,0.0,0.804624612384868,1.0000613259158282,1.1011838933306795,0.6290773021646618,0.9799801387352286,0.0,0.7201927468931475,0.0,0.0,0.0,0.0,0.0,0.0,0.0,0.8333772344379147,0.8195433610230312,0.0,0.6863481337744298,1.161112578053472,0.6025272593546199,0.0,0.0,1.3091097191723209,0.0,0.6273833005837278,0.0,0.9355134245278139,0.0,0.0,0.0,0.0,0.0,0.0,0.8702686471811233,1.1356152645940922,1.0573396928289962,0.0,0.0,0.0,0.0,0.9981284390622759,0.668507171578553,0.783095573978322,0.5113374111799199,0.8249716277595115,0.8576336880064431,0.652249903149787,0.7495966639282194,1.2832378344175999,0.7785023024311454,0.44488004805757625,0.0,0.0,1.085138654391219,0.7364967909126299,0.3702164802191704,1.1912592487268683,0.45624630474408717,1.153216497904495,0.9040683179827714,0.683379938048645,0.5818545316712862,0.43205593789940144,0.0,0.0,0.0,0.0,0.0
CM,0.0,0.0,0.0,0.6523785914959953,0.6298497502519893,0.0,0.8220595589529212,0.4803947195761616,0.43685432505471916,0.0,0.0,0.0,0.0,0.0,0.8121011754202386,0.0,0.0,0.0,0.0,0.5562296188763062,0.8211599664555367,0.0,0.0,0.0,0.0,0.9746969054284561,0.8175679163909368,0.4615581731933179,0.0,0.44932896411722156,0.0,0.0,0.0,0.0,0.9695442525101285,0.0,0.0,0.0,0.0,0.9342982383264309,1.5900048735037942,0.6343012996785274,0.6475802602001608,0.0,0.0,0.0,0.3917881918674443,0.0,0.0,0.0,0.0,0.3220182105415707,0.0,0.0,0.0,0.0,0.0,0.0,0.0,0.0,0.2972602739850972,0.0,0.0,0.0,0.0,0.0,0.0,0.0,0.0,0.0,0.0,0.0,0.0,0.0,0.0,0.0,0.0,0.0,0.0,0.0,0.0,0.0,0.0,0.0,0.0,0.0,0.0,0.0,0.0,0.0
CP,0.697676326071031,0.0,0.0,4.807796132505858,3.0411083581227145,1.982513263697575,3.839638801561983,0.0,0.0,0.0,0.0,0.0,0.0,0.0,0.0,0.0,0.275284385083946,0.9221389525875606,4.695056391007371,0.0,3.389565194603513,0.22466448205861075,6.936015259588759,0.0,0.0,3.2488118932234724,0.0,2.5933831409482297,3.5814241029281306,0.0,0.0,0.0,0.0,0.0,0.0,0.0,2.716037709836186,0.6230745413262502,0.0,12.234474198018225,0.0,0.0,0.0,0.0,0.0,0.0,0.39133117642651183,0.0,0.0,0.44707603471195156,0.0,0.0,0.0,0.0,0.0,0.0,0.0,0.0,0.8933139305332767,0.0,0.5544612622489901,0.0,0.0,0.0,6.4002794769593665,0.0,0.0,0.0,0.0,3.7637668128460335,0.0,6.409511383459501,0.0,0.0,0.0,6.634419947821357,0.0,0.0,0.0,0.0,0.0,0.0,0.0,0.0,0.0,0.0,0.0,0.0,0.0,0.0
DG,0.0,0.0,0.0,0.0,0.0,0.0,0.0,0.0,0.0,0.0,0.0,0.0,0.0,0.0,0.0,0.0,1.4053345002376227,0.0,0.0,0.0,0.0,3.0445049916040468,0.0,0.0,0.0,0.0,0.0,0.0,0.0,0.0,0.0,0.0,0.0,0.0,0.0,0.0,0.0,0.0,0.0,0.0,0.0,0.0,0.0,0.0,0.0,0.0,0.0,0.0,0.0,0.0,0.0,0.0,0.0,0.0,0.0,0.0,0.0,0.0,0.0,0.0,0.0,0.0,0.0,0.0,0.0,0.0,0.0,0.0,0.0,0.0,0.0,0.0,0.0,0.0,0.0,0.0,0.0,0.0,0.0,0.0,0.0,0.0,0.0,0.0,0.0,0.0,0.0,0.0,0.0,0.0
ECT,0.0,0.7909698022981014,0.5699223792869864,0.0,0.30243390156736527,0.5526151836770066,0.0,0.0,0.0,1.3621016657281664,1.2022639387008776,1.394963969729052,1.0406184352708565,0.8283133769231311,0.0,0.0,0.0,0.0,0.6272105895434177,0.0,0.7583928956270932,0.0,1.4920300919961194,0.7076916623605439,0.0,0.5791482496822585,0.0,0.0,0.4260718944831057,0.0,0.0,0.0,0.0,0.0,0.0,0.0,0.7936807546651,0.8835342480990659,0.0,0.0,0.0,0.0,0.0,0.0,0.0,0.0,0.2972602739850972,0.0,0.0,0.0,0.0,0.0,0.0,0.0,0.0,0.8289040772420097,0.8591745134250495,0.6109047407844914,0.0,0.0,0.0,0.0,0.9654265894976809,0.5731146301502228,0.0,0.9172490446308807,0.6096123867092267,0.9803947195761615,0.870415581173349,0.8037211812954624,0.0,0.7205833379227503,0.0,0.0,0.0,0.8774352588832974,0.5588937625564074,0.5625785909801653,0.6699284978955816,1.586265738730817,0.49019735978808077,1.0425188558396346,0.483131557561537,0.3764259571308246,1.0087344034133106,0.0,0.0,0.0,0.0,0.0
ENTl,0.0,0.0,0.0,0.0,0.0,0.0,0.0,0.0,0.0,0.0,0.0,0.0,0.0,0.0,0.0,0.0,1.1044509138562633,0.0,0.0,0.0,0.7454047914995281,1.727861817859744,0.0,1.7821523915085098,1.4627415568354372,0.8934221171841713,0.0,0.0,0.0,0.0,0.0,0.0,0.0,0.0,0.0,0.0,0.0,0.0,0.0,0.0,0.0,0.0,0.0,0.0,0.0,0.0,0.0,0.0,0.0,0.0,0.0,0.0,0.0,1.559208118578244,0.0,0.0,0.0,0.0,0.0,0.0,0.0,0.0,0.0,0.0,0.0,0.0,0.0,0.0,0.0,0.0,0.4691637578973346,0.4803947195761616,0.0,0.0,0.0,0.0,0.0,0.0,0.0,0.0,0.0,0.0,0.0,0.0,0.0,0.0,0.0,0.0,0.0,0.0
ENTm,0.0,0.0,0.0,0.0,0.0,0.0,0.0,0.0,0.0,0.0,0.0,0.0,0.0,0.0,0.0,0.0,1.7934789203747241,0.0,0.0,0.0,0.0,1.2656655550047924,0.0,0.0,0.5503597644201423,0.0,0.0,0.0,0.0,0.0,0.0,0.0,0.0,0.0,0.0,0.0,0.0,0.0,0.0,0.0,0.0,0.0,0.0,0.0,2.2419038850813635,0.0,0.0,0.0,0.0,0.0,0.0,0.0,0.0,2.1853381949562065,0.0,0.0,0.0,0.0,0.0,0.0,0.0,0.0,0.0,0.0,0.0,0.0,0.0,0.0,0.0,0.0,0.3220182105415707,0.0,0.0,0.0,0.0,0.0,0.0,0.0,0.0,0.0,0.0,0.0,0.0,0.0,0.0,0.0,0.0,0.0,0.0,0.0
EPd,0.0,1.3107050889220895,1.0060765720927225,0.6602966106019011,0.6971134448128445,1.0101366592044265,1.1102644720553754,0.0,0.9421137863041751,0.0,0.0,0.0,0.0,0.0,0.0,0.0,0.0,0.0,1.1814894130198896,0.0,7.7445669819701095,0.0,1.1554526024268614,0.9430049292607586,0.3917881918674443,2.6179543009976034,0.28560453192440743,0.9220501505802674,0.0,0.0,0.0,0.0,0.0,0.0,0.0,0.0,0.0,0.6548138010939193,0.0,1.1938231412943747,1.3472031525499015,1.7517122513058865,0.0,0.7293330306939286,0.5683450292566312,0.0,1.313397451603324,0.0,0.9472778625837696,0.0,0.0,0.0,0.0,0.0,0.0,0.2972602739850972,0.0,0.8213829306451315,0.0,0.0,0.28560453192440743,0.0,0.33516002301781966,0.0,0.0,0.0,0.6908080233283761,0.0,0.0,0.3928022659622037,1.4785462921982868,0.0,0.30359321907052583,0.0,0.0,0.0,0.5576506904611482,0.5449948606437464,0.0,0.7196095641348893,0.6062545899464106,0.8434191919832965,0.8521437889662113,0.43827195513660433,0.7636718945654392,0.0,0.0,0.0,0.0,0.0
FRP,0.0,0.0,0.0,0.0,0.8561607644100488,0.0,0.0,0.0,0.0,0.0,0.0,0.0,0.0,0.0,0.0,0.0,0.0,0.0,0.0,0.0,1.1056497241785401,0.0,0.0,0.0,0.0,0.0,10.914545195178674,0.0,0.0,0.0,0.0,0.0,0.0,0.0,0.0,0.0,2.4076592257337883,1.0880329433988585,0.0,0.5344447847824858,0.0,0.0,0.0,0.0,0.0,0.0,0.0,0.0,0.0,0.0,0.0,0.0,0.0,0.0,0.0,0.0,0.0,0.0,0.0,0.0,0.0,0.0,0.0,0.0,0.0,0.0,0.0,0.0,0.0,0.0,0.0,0.0,0.0,0.0,0.0,0.0,0.0,0.0,0.0,0.0,0.0,0.0,0.0,0.0,0.0,0.0,0.0,0.0,0.0,0.0
FS,0.8937941359215164,0.0,0.0,0.0,0.0,0.0,0.0,0.0,0.0,0.0,0.0,0.0,0.0,0.5749032728648916,0.0,0.0,0.0,0.6626738727217857,0.0,0.0,0.6675227942308952,0.0,1.1341151618941923,1.0462588936325459,0.7266852850868794,0.37358135255886266,0.0,3.5060160935658304,0.0,0.0,0.0,0.0,0.0,0.0,0.0,0.0,0.0,0.0,0.0,0.0,0.0,0.0,0.0,0.49019735978808077,0.36597101901560775,0.0,0.9926980356440728,0.0,0.0,0.0,0.0,0.0,0.0,0.0,0.0,0.0,0.0,0.0,0.0,0.0,0.0,0.0,0.0,0.0,0.0,0.0,0.0,0.0,0.0,0.0,0.0,0.0,0.9128975537799189,0.0,0.0,0.0,0.0,0.0,0.0,0.0,0.0,0.0,0.0,0.0,0.0,0.0,0.0,0.0,0.0,0.0
GU,0.0,0.0,0.0,0.0,0.642504435335008,0.9251674118552365,0.18393972058572114,0.0,0.0,0.0,0.0,0.0,0.0,0.0,0.0,0.0,0.0,0.35335519037807817,0.7421520935687922,0.0,0.8417074739198486,0.0,0.3481409930342742,0.0,0.0,0.5070111944336384,1.6982018300633945,0.5683236140423219,1.7620449578804578,0.0,0.0,0.0,0.0,0.0,0.0,0.0,1.1519185266238423,0.9695162259844419,0.0,0.3488381630355155,0.0,0.0,0.0,0.0,0.0,0.0,0.0,0.0,0.0,0.0,0.0,0.0,0.0,0.0,0.0,0.0,0.0,0.0,0.0,0.0,0.0,0.4803947195761616,0.8630327314235678,0.0,1.1383262298949781,0.7953600359133205,0.0,0.8299168532018667,0.9207407276564116,0.8773739215792098,0.0,0.0,0.0,0.0,0.0,0.9012386598055094,0.0,0.0,0.0,0.0,0.0,0.0,0.0,0.0,0.0,1.2734931156585094,0.0,0.0,0.0,0.6207645549422272
IAD,0.0,0.0,0.0,0.3560445733905393,0.0,0.0,0.9042620869302922,0.0,0.3740450525123382,0.0,0.0,0.0,0.0,0.0,1.63246911239108,0.0,0.0,0.0,0.0,0.0,0.9993729981906118,0.0,0.0,0.0,0.0,0.0,0.9158423424199017,0.0,0.0,0.5,0.0,0.0,0.0,0.0,0.0,0.0,0.0,0.0,0.0,0.7559380126115463,0.4615581731933179,0.8782815428782839,0.0,0.0,0.0,0.0,6.374502927294088,0.0,0.0,0.0,0.0,0.0,0.0,0.0,0.0,0.0,0.0,0.0,0.0,0.0,0.0,0.0,0.0,0.0,0.0,0.0,0.0,0.0,0.0,0.0,0.0,0.0,0.0,0.0,0.0,0.0,0.0,0.0,0.0,0.0,0.0,0.0,0.0,0.0,0.0,0.0,0.0,0.0,0.0,0.0
LD,0.0,1.638510675032802,1.0931786448764669,0.0,0.0,0.0,0.0,0.0,0.0,0.0,0.0,0.4260718944831057,0.0,0.0,0.0,0.5110927627119206,0.0,0.0,0.0,0.0,0.6345943836791009,0.0,0.0,0.0,0.0,0.0,0.0,0.0,0.0,0.0,1.2256855829804507,0.7196871875477778,2.3488381630355155,0.0,0.0,0.0,1.6717975421579117,2.183716656682125,0.0,0.0,0.0,0.0,0.0,0.0,3.7221844704074765,0.0,0.0,0.6083588021034789,0.0,0.0,0.0,0.0,0.0,0.5279568811615291,0.0,4.450903357757602,3.1985469732147975,0.9425814981351149,0.4932354539937552,0.0,0.0,0.0,0.5919083171244262,0.7126240880352637,0.5,0.5,1.1072283671535224,0.6200892072848582,0.2338332135049546,0.2533084961827948,0.4929959877651982,0.6375374172149433,0.0,0.0,6.927621985739618,0.0,1.1230256362498987,1.8191252607389479,5.0066171233744505,3.5235509908158136,1.7870764239145733,0.8537813349909649,1.5601445892367656,0.386042440295423,8.545508097436008,0.0,4.582190675123748,0.0,0.4615581731933179,0.0
LGd,0.0,0.0,0.0,0.0,0.0,1.3868613336354285,0.0,0.0,0.0,0.7185108769100603,0.4314868885595732,0.3703328481438541,0.43242009132836573,0.0,0.0,0.73138717836351,5.825089944267443,0.0,0.0,0.0,0.6227667192234115,0.0,0.5242504749766375,0.5947905209409489,0.5145720884255323,0.0,0.0,0.0,0.0,0.0,1.2637979843470883,1.064571684639666,2.0806978736328623,0.0,0.0,0.8687096903513931,0.0,0.0,0.0,0.0,0.0,0.0,0.0,0.0,0.45239791497781934,0.0,0.0,1.0591954333816023,0.0,0.0,0.0,0.0,0.0,1.0854562825378982,0.0,2.695570934425905,2.942928831023594,0.0,1.20873935712649,0.0,0.0,0.0,2.072897319027389,0.0,0.0,0.0,0.0,0.0,0.0,0.6572073278369497,0.8785732360129995,0.5756350341594676,0.0,0.0,0.0,0.0,2.871245107719117,1.5783026790522048,1.6906222611781778,3.1024120068945185,0.8231367439530568,3.0974587603656083,2.5009014962661102,1.1890460600561679,3.653106460171542,0.0,1.0799599534140891,0.0,0.8080179416451774,0.0
LP,0.0,2.568332901621699,0.9344054622249224,0.0,0.0,0.0,0.0,0.0,0.0,5.539125250735116,1.2710206777675368,5.019932393527526,0.47097644638473973,0.0,0.0,0.6424894901112054,0.0,0.0,0.0,0.0,0.6492810446152488,0.191446442987556,1.04495642218795,1.2271704717552845,0.0,0.0,0.0,0.0,0.0,0.0,0.7248386120916128,0.583867068539648,0.7357456175225717,0.0,0.0,1.0722623273516128,0.884806486069118,1.4800224641773592,0.0,0.0,0.0,0.0,0.0,0.0,0.0,0.0,0.0,1.0688631472003112,0.0,0.0,0.0,0.0,0.0,0.0,0.0,2.3792364203741054,1.776492685438469,0.7073914558407907,0.8807019257201522,0.0,0.0,0.0,1.4108639689834837,0.5147312538920086,0.0,0.0,3.172005785275375,0.0,1.2337032157589563,0.0,0.0,2.059504096389128,0.0,0.0,0.0,0.4093653765389909,4.0717988856249425,2.1188845810552515,2.8938657661962512,2.5347257327484147,1.5958176729095381,0.9010637596322731,4.012474655532592,2.077871168099333,2.690464793651943,0.0,0.9832877413911862,0.0,0.6857483993144218,0.0
LSv,0.0,0.0,0.0,0.0,0.0,0.0,0.0,0.0,0.0,0.0,0.0,0.0,0.0,0.0,0.0,0.0,0.0,0.0,0.0,0.0,0.0,0.0,0.0,0.0,0.0,0.0,0.0,0.0,0.0,0.0,0.0,0.0,0.0,0.191446442987556,0.0,0.0,0.0,0.0,0.0,0.0,0.0,0.0,0.0,0.0,0.0,0.0,0.0,0.0,0.0,0.0,0.0,0.0,0.0,0.0,0.0,0.0,0.0,0.0,0.0,0.0,0.0,0.0,0.0,0.0,0.0,0.0,0.0,0.0,0.0,0.0,0.0,0.0,0.0,0.0,0.0,0.0,0.0,0.0,0.0,0.0,0.0,0.0,0.0,0.0,0.0,0.0,0.0,0.0,0.0,0.0
MD,0.3488381630355155,0.0,0.0,0.7900415045121028,0.9487876047375748,1.1122418089880655,0.9202672656335279,1.1583070479271547,0.0,0.0,0.0,0.0,0.0,0.0,1.3922344094443089,0.0,0.0,0.2338332135049546,0.3488381630355155,0.0,1.1452631514313054,0.0,0.0,0.0,0.0,0.4032673684477121,0.970938692839162,0.0,0.9231163463866358,0.4803947195761616,0.0,0.0,0.0,0.0,1.0406349373962225,0.0,0.0,0.0,0.0,0.8448074640348202,2.5197708241876318,1.5388526552349158,0.3488381630355155,0.0,0.0,0.0,0.7145975395877616,0.0,0.0,0.0,0.0,1.3688598778954137,0.0,0.0,0.0,0.0,0.0,0.0,0.6844280461986351,0.0,0.6291381847022277,0.0,0.0,0.0,0.0,0.0,0.0,0.0,0.0,0.0,0.0,0.0,0.0,0.0,0.2972602739850972,0.0,0.0,0.0,0.0,0.0,0.0,0.0,0.0,0.0,0.0,1.0696487966882007,0.0,0.0,0.0,0.0
MG,0.0,0.0,0.0,0.0,0.0,0.33216722008094135,0.0,0.0,0.0,1.9355620699087908,3.3218645745425444,5.303358920786333,2.2040250782324278,0.0,0.0,0.3500088974646441,0.0,0.0,0.0,0.0,0.7715841122899662,0.4803947195761616,0.39863013699254857,0.0,0.0,0.0,0.0,0.0,0.0,0.0,0.0,1.0493020865269693,0.0,0.0,0.0,0.8812203393994619,0.9926187496201984,0.0,0.0,0.0,0.0,0.0,0.0,0.0,0.0,0.0,0.0,0.0,0.0,0.0,0.0,0.0,0.0,0.0,0.0,0.9896777928547532,0.0,0.0,1.3550495822829598,0.0,0.0,0.0,0.8372431295866539,1.5249776627181277,0.0,0.0,3.7834807755039015,1.2723620168831478,1.0056068458340939,3.1199663802981563,0.0,1.4522980572949888,0.0,0.0,0.0,1.0666186133789075,0.0,0.0,0.0,0.0,0.0,0.0,0.0,0.39883789882834675,0.0,0.0,0.7556988699198611,0.0,0.5588008235708648,0.0
MOp,0.9093653765389909,1.3013817934550607,0.6286497721021157,0.6354059212403133,1.0776652925376162,0.9069432827845115,1.3579593589102181,0.0,0.0,0.0,0.0,0.0,0.0,0.0,0.0,0.505957931127292,0.36782844313032115,1.2506977293425354,1.3822793436894059,0.8964979318021982,0.9532310763858627,0.0,1.2465301748783846,1.2917934130772335,0.6397800470630839,1.0122040326344761,1.0408748786577946,0.61291934343757,0.9653639257807681,0.0,0.4615581731933179,0.0,0.0,0.0,0.47496948604314504,0.7734993440591492,2.038357406275133,1.9025675543457112,0.0,1.0198226942184527,0.0,0.7661968010724846,0.0,0.0,0.0,0.0,0.7713669894310422,2.0272685385023994,0.0,0.28560453192440743,0.0,0.0,1.691067031724619,0.0,0.28560453192440743,4.9962987710334525,1.1410208661060974,0.9432716004104146,0.2533084961827948,0.0,0.5974849542316991,1.4661811199248977,1.0454922426428412,1.655785363364997,1.18397450312052,0.7677301202066628,2.163309769159117,1.1335647219621654,0.5748712045295059,1.101920748287945,0.0,0.0,0.0,0.5294096663823614,2.273079826962378,1.0840546168861644,0.549917098048162,0.0,1.794854297538457,0.0,0.0,0.6598251362975307,0.5727672173663505,0.0,0.680391306155255,1.5553487584433219,0.7480293725367949,1.1359439583447388,1.3739005426508857,2.2128948847339607
MOs,0.6881310671503366,2.0880789247162435,0.8333093421439504,1.4279873959593832,1.0386209901427765,0.7625254253222283,0.7707958628490721,1.7940933489331732,0.43724821676851594,0.0,0.0,0.0,0.0,0.37036024617183794,0.0,1.0,0.42708213413437796,0.6688021026851634,0.7804553214738053,0.850646736962784,0.8127083034757654,0.3983590981055688,0.33516002301781966,0.8719170877210057,0.0,0.9095463797531765,1.147964618306528,0.5924813929912892,0.976490468602789,0.0,1.5465416715040252,0.0,1.2793609988080084,0.0,2.5078494592855645,0.768191261415612,1.1797574824159556,2.2381235113918745,0.0,0.86466633937076,0.0,0.7761540116012225,0.6362720360815542,0.0,0.0,0.46397771895853546,1.1902879911362554,1.604398317384529,1.2197617127678244,0.8630745185368455,0.0,0.0,0.0,0.0,0.5985057037263868,0.36796252038277055,0.6058722737086659,0.8027408367099079,0.6018634440221822,0.0,0.577803615655174,0.8795909540534568,0.713387322868544,0.5096048902037521,0.9815611209093149,0.783671000660083,0.6505719213228556,0.7947849904104287,0.6276891652750748,0.6930429420907348,0.0,0.0,0.0,0.7469487492045916,1.8365155401841213,0.9814070841680658,0.6595901181581747,0.354509309787557,0.4803947195761616,0.0,0.0,0.6590424496133632,0.6647188071823802,0.0,2.643837526179812,0.9669200944445694,0.773252749346579,0.44346021835857874,0.9968482521105485,0.9884022462901602
NDB,0.0,0.0,0.0,0.0,0.0,0.0,0.0,0.0,0.0,0.0,0.0,0.0,0.0,0.0,0.0,0.0,0.0,0.0,0.0,0.0,0.0,0.0,0.0,0.0,0.0,0.0,0.0,0.0,0.0,0.0,0.0,0.0,0.0,0.0,0.0,0.0,0.0,0.0,0.0,0.0,0.0,0.0,0.0,0.0,0.0,0.0,0.0,0.0,0.0,0.0,0.0,0.0,0.0,0.0,0.0,0.0,0.0,0.0,0.0,0.0,0.0,0.0,0.0,0.0,0.0,0.0,0.0,0.0,0.0,0.0,0.0,0.0,0.0,0.0,0.0,0.0,0.0,0.0,0.0,0.0,0.0,0.0,0.0,0.0,0.0,0.0,0.0,0.0,0.0,0.0
ORBl,0.0,2.150852648262859,0.0,0.4803947195761616,0.4125759562192242,0.0,0.8083853034642168,0.0,7.857527956715049,0.0,0.0,0.0,0.0,0.0,0.0,0.0,0.0,0.0,0.5136426962250588,0.0,0.5068464454649484,0.0,0.0,0.0,0.0,0.0,0.0,0.43724821676851594,0.0,0.0,0.0,0.0,0.0,0.0,0.0,0.0,0.5906282450483615,1.1350053377625082,0.0,2.851942446539336,0.0,0.7406795566031491,0.0,0.0,0.0,0.0,0.3722626997784053,0.0,0.0,0.0,0.0,0.0,0.0,0.0,0.0,0.0,0.0,0.0,0.0,0.0,0.399794982300261,0.0,0.0,0.0,0.22466448205861075,0.0,0.0,0.0,0.0,0.0,0.0,0.0,0.0,0.0,0.0,0.0,0.0,0.0,0.0,0.0,0.0,0.0,0.0,0.0,0.0,0.4803947195761616,0.0,0.0,0.0,0.0
ORBm,1.4177780091771617,0.0,0.0,0.7667585345951544,0.0,0.0,0.7193192565087216,0.0,0.0,0.0,0.0,0.0,0.0,0.0,0.7635945752304235,0.0,0.0,0.0,0.0,0.0,1.3580755048916504,0.0,0.0,0.0,0.0,0.4093653765389909,0.0,0.0,0.0,0.0,0.0,0.0,0.0,0.0,0.0,0.0,0.0,0.0,0.0,0.0,5.434567357014697,0.9920584108716252,1.2404256332486863,0.0,0.0,0.0,2.402583326517645,0.0,0.0,0.0,0.0,0.0,0.0,0.0,0.0,0.0,0.0,0.0,0.0,0.0,0.6306318493244455,0.0,0.0,0.0,0.0,0.0,0.0,0.0,0.0,0.0,0.0,0.0,0.0,0.0,0.0,0.0,0.0,0.0,0.0,0.0,0.0,0.0,0.0,0.0,0.0,0.0,0.0,0.0,0.0,0.0
ORBvl,0.0,0.8026793070722676,0.0,0.9788951358883685,0.39331393053327673,0.0,0.9270516848427999,0.0,5.142590922473449,0.0,0.0,0.0,0.0,0.0,0.0,0.0,0.0,0.0,0.0,0.0,0.3791017697872532,0.0,0.0,0.0,0.0,0.0,4.34137748765926,0.5978634303255045,0.0,0.4260718944831057,0.0,0.0,0.0,0.0,1.7639631449861728,0.0,0.0,0.4803947195761616,0.0,0.9045761707096253,1.0216654089733974,9.479457032120294,0.5444790560688089,0.0,0.0,0.0,0.690681834893486,0.0,0.0,0.0,0.0,0.0,0.0,0.0,0.3924691294628139,0.0,0.0,0.0,0.0,0.0,0.4803947195761616,0.0,0.0,0.0,0.0,0.0,0.0,0.0,0.0,0.0,0.0,0.0,0.0,0.9140673689692661,0.0,0.0,0.0,0.0,0.0,0.0,0.0,0.0,0.0,0.0,0.0,0.4615581731933179,0.0,0.0,0.0,0.0
OT,1.3225789807098458,0.0,0.0,1.2225521116541065,0.0,0.0,0.0,0.0,0.0,0.0,0.0,0.0,0.0,0.0,0.0,0.0,0.0,0.0,0.0,0.0,0.0,0.0,0.0,0.0,0.0,0.0,0.0,1.114316591935665,0.0,0.0,0.0,0.0,0.0,0.0,0.0,0.0,0.0,0.0,1.163611390776385,0.0,0.0,0.0,2.4316537969400573,0.0,0.0,0.0,0.0,0.0,0.0,0.0,0.0,0.0,0.0,0.0,0.0,0.0,0.0,0.0,0.0,0.0,1.0753833089085434,0.0,0.0,0.0,0.0,0.0,0.0,0.0,0.0,0.0,0.0,0.0,0.0,0.0,0.0,0.0,0.0,0.0,0.0,0.0,0.0,0.0,0.0,0.0,0.0,0.0,0.0,0.0,0.0,0.0
PAA,0.0,0.0,0.0,0.0,0.0,0.0,0.0,0.0,0.0,0.0,0.0,0.0,0.0,0.0,0.0,0.0,0.0,0.0,0.0,0.0,0.0,0.0,0.0,0.0,0.0,0.0,0.0,0.0,0.0,0.0,0.0,0.0,0.0,0.0,0.0,0.0,0.0,0.0,0.0,0.0,0.0,0.0,0.0,0.0,0.0,0.0,0.0,0.0,0.0,0.0,0.0,0.0,0.0,0.0,0.0,0.0,0.0,0.0,0.0,0.0,0.0,0.0,0.0,0.0,0.0,0.0,0.0,0.0,0.0,0.0,0.0,0.0,0.0,0.0,0.0,0.0,0.0,0.0,0.0,0.0,0.0,0.0,0.0,0.0,0.0,0.0,0.0,0.0,0.0,0.0
PAR,0.0,0.0,0.0,0.0,0.0,0.0,0.0,0.0,0.0,0.0,0.0,0.0,0.0,0.0,0.0,0.0,0.0,0.0,0.0,0.0,0.0,0.0,0.0,0.0,0.8486127135092216,0.0,0.0,0.0,0.0,0.0,0.0,0.0,0.0,0.0,0.0,0.0,0.0,0.0,0.0,0.0,0.0,0.0,0.0,0.0,1.3547221463381616,0.0,0.0,0.0,0.0,0.0,0.0,0.0,0.0,0.0,0.0,0.4803947195761616,0.0,0.0,0.0,0.0,0.0,0.0,0.0,0.0,0.0,0.0,0.0,0.0,0.0,0.0,0.0,0.0,0.0,0.0,0.0,0.0,0.6112608208749913,0.0,0.46048877008493605,0.0,0.0,0.8065347368954242,0.0,0.0,0.0,0.0,0.0,0.0,0.0,0.0
PB,0.0,0.0,0.0,0.0,0.0,0.0,0.0,0.0,0.0,0.0,0.0,0.0,0.0,0.0,0.0,0.0,0.0,0.0,0.0,0.0,0.0,0.0,0.0,0.0,0.0,0.0,0.0,0.0,0.0,0.0,0.0,0.0,0.0,0.0,0.0,0.0,0.0,0.0,0.0,0.0,0.0,0.0,0.0,0.0,0.0,0.0,0.0,0.0,0.0,0.0,1.9872405578584933,0.0,0.0,0.0,0.0,0.0,0.0,0.0,0.0,0.0,0.0,0.0,0.0,0.0,0.0,0.0,0.0,0.0,0.0,0.0,0.0,0.0,0.0,0.0,0.0,0.0,0.0,0.0,0.0,0.0,0.0,0.0,0.0,0.0,0.0,0.0,0.0,0.0,0.0,0.0
PIR,0.0,0.0,0.0,1.4650442060461493,0.0,0.0,0.0,0.0,2.774571899558836,0.0,0.0,0.0,0.0,0.0,0.0,0.0,0.0,0.0,0.0,0.0,0.0,0.0,0.0,0.0,0.0,0.0,0.0,1.646338396323386,0.0,0.0,0.0,0.0,0.0,0.0,0.0,0.0,0.0,0.0,0.0,0.0,0.0,0.0,1.0188323914332655,0.0,0.0,0.0,0.0,0.0,0.0,0.0,0.0,0.0,0.0,0.0,0.0,0.0,0.0,0.0,0.0,0.0,3.035024773133073,0.0,0.0,0.0,0.0,0.0,0.0,0.0,0.0,0.0,0.0,0.0,0.0,0.0,0.0,0.0,0.0,0.0,0.0,0.0,0.0,0.0,0.0,0.0,0.0,0.0,0.0,0.0,0.0,0.0
PO,0.0,0.0,0.0,0.0,0.0,0.0,0.0,0.0,0.0,0.0,0.0,0.0,0.0,0.0,0.0,0.0,0.0,0.0,0.0,0.0,0.8691077242923049,0.0,0.0,0.0,0.0,0.0,0.0,0.0,0.7694303124056399,0.0,1.6258926133552005,0.0,0.0,0.0,0.0,0.0,2.1265691921469365,2.221400727158894,0.0,0.0,0.0,0.0,0.0,0.0,0.0,0.0,0.0,1.2511028320609316,0.0,0.0,0.0,0.0,0.0,0.0,0.0,0.0,0.0,0.0,1.4774975269035235,0.0,0.0,0.0,0.9663947763906332,0.9347241209361685,1.7208023964133892,0.9993236639533772,1.211277893020789,2.151945612917882,1.3971439073092158,0.0,0.0,0.0,0.0,0.0,0.7869889753515068,0.0,0.0,0.0,0.0,0.0,0.0,0.0,0.0,0.0,0.0,0.0,1.4706828774344007,0.0,1.3876321350726533,0.0
POST,0.0,0.0,0.0,0.0,0.0,0.0,0.0,0.0,0.0,0.0,0.0,0.0,0.0,0.0,0.0,0.0,0.0,0.0,0.0,0.0,0.0,0.0,0.0,0.0,0.0,0.0,0.0,0.0,0.0,0.0,0.0,0.0,0.0,0.0,0.0,0.0,0.0,0.0,0.0,0.0,0.0,0.0,0.0,0.0,0.9803947195761615,0.0,0.0,0.0,25.323291465202626,0.0,0.0,0.0,0.0,0.0,0.0,0.0,0.0,0.0,0.0,0.0,0.0,0.0,0.0,0.0,0.0,0.0,0.0,0.0,0.0,0.0,0.0,0.0,0.0,0.0,0.0,0.0,0.0,0.0,0.0,0.0,0.0,0.0,0.0,0.0,0.0,0.0,0.0,0.0,0.0,0.0
PRNr,0.0,0.0,0.0,0.0,0.0,0.0,0.0,0.0,0.0,0.0,0.0,0.0,0.0,0.0,0.0,0.0,0.0,0.0,0.0,0.0,0.0,0.0,0.0,0.0,0.0,0.0,0.0,0.0,0.0,0.0,0.0,0.0,0.0,0.0,0.0,0.0,0.0,0.0,0.0,0.0,0.0,0.0,0.0,0.0,0.0,1.8372549017517534,0.0,0.0,0.0,0.0,0.0,0.0,0.0,0.0,0.0,0.0,0.0,0.0,0.0,0.0,0.0,0.0,0.0,0.0,0.0,0.0,0.0,0.0,0.0,0.0,0.0,0.0,0.0,0.0,0.0,0.0,0.0,0.0,0.0,0.0,0.0,0.0,0.0,0.0,0.0,0.0,0.0,0.0,0.0,0.0
PSV,0.0,0.0,0.0,0.0,0.0,0.0,0.0,0.0,0.0,0.0,0.0,0.0,0.0,0.0,0.0,0.0,0.0,0.0,0.0,0.0,0.0,0.0,0.0,0.0,0.0,0.0,0.0,0.0,0.0,0.0,0.0,0.0,0.0,0.0,0.0,0.0,0.0,0.0,0.0,0.0,0.0,0.0,0.0,0.0,0.0,0.0,0.0,0.0,0.0,0.4749694860431451,0.4803947195761616,0.0,0.0,0.0,0.0,0.0,0.0,0.0,0.0,0.0,0.0,0.0,0.0,0.0,0.0,0.0,0.0,0.0,0.0,0.0,0.0,0.0,0.0,0.0,0.0,0.0,0.0,0.0,0.0,0.0,0.0,0.0,0.0,0.0,0.0,0.0,0.0,1.3238639576891686,1.5825413787944718,0.0
PVT,0.0,0.0,0.3419990930266676,0.5338059373981858,0.0,0.0,0.0,0.0,0.0,0.0,0.0,0.0,0.0,1.210061929504494,0.5886467159317667,0.0,0.0,0.49347624371299004,0.0,1.8956334061531463,0.9954605897515869,0.0,0.0,1.019977634245021,0.0,0.0,0.0,0.0,0.0,1.2148666693761125,0.0,0.0,0.0,0.0,0.0,0.0,0.0,0.0,0.0,0.0,2.247493467275438,3.032109545799537,0.0,0.0,0.0,0.0,0.0,0.0,0.0,0.0,0.0,1.0857742815810476,0.0,0.0,0.0,0.0,0.0,0.0,0.5686774310654813,0.0,0.6850927290784161,0.0,0.0,0.0,0.0,0.0,0.0,0.0,0.0,0.0,0.0,0.0,0.0,0.0,0.0,0.0,0.0,0.0,0.0,0.0,0.0,0.0,0.0,0.0,0.0,0.0,0.0,0.0,0.0,0.0
PoT,0.0,0.0,0.0,0.0,0.0,0.0,0.0,0.0,0.0,0.47705097491196347,0.0,0.0,0.48959822205048054,0.0,0.0,0.0,0.0,0.0,0.0,0.0,0.8836813915025324,0.0,0.0,0.0,0.0,0.0,0.0,0.0,0.0,0.0,0.0,0.0,0.0,0.0,0.0,0.0,0.0,0.0,0.0,0.0,0.0,0.0,0.0,0.0,0.0,0.0,0.0,0.0,0.0,0.0,0.0,0.0,0.0,0.0,0.0,0.0,0.0,0.0,0.0,0.0,0.0,0.0,0.0,0.0,0.0,0.5869330915671117,0.0,1.37497389388111,0.4615581731933179,2.364611160625434,0.0,0.0,0.0,0.0,0.0,0.8386365618321753,0.0,0.0,0.0,0.0,0.0,0.0,0.0,0.0,0.0,0.0,0.5131155356996371,0.0,0.0,0.0
ProS,0.0,0.0,0.0,0.0,0.0,0.0,0.0,0.0,0.0,0.0,0.0,0.0,0.0,0.0,0.0,0.0,0.0,0.0,0.0,0.0,0.0,0.0,0.0,0.0,0.0,0.0,0.0,0.0,0.0,0.0,0.0,0.0,0.0,0.0,0.0,0.0,0.0,0.0,0.0,0.0,0.0,0.0,0.0,0.0,0.0,0.0,0.0,0.0,0.0,0.0,0.0,0.0,0.0,0.0,0.0,0.0,0.0,0.0,0.0,0.0,0.0,0.0,0.0,0.0,0.0,0.0,0.0,0.0,0.0,0.0,0.0,0.0,0.0,0.0,0.0,0.0,0.0,0.0,0.0,0.0,0.0,0.0,0.0,0.0,0.0,0.0,0.0,0.0,0.0,0.0
RE,0.0,1.007635626569725,0.6112734065724769,0.4890968356342322,0.8510569245254005,0.42197537609266367,0.9958327781204123,0.8299612399721185,1.4910782804752822,0.0,0.0,0.0,0.0,0.0,0.29423425960030725,0.7759470889332055,0.0,0.0,0.7553511968451859,0.0,0.6184353656534539,0.0,0.4615581731933179,0.0,0.0,0.8150914674756757,0.7405808756169711,0.0,0.0,0.0,0.0,0.0,0.0,0.0,0.0,0.0,0.0,0.7106999328959235,0.0,1.6177239711499805,0.8464725567038734,1.9165158444227446,0.7069578844221454,0.0,0.0,0.0,1.5004417345748347,0.0,0.0,0.0,0.0,0.0,0.0,0.2338332135049546,2.8443227003512837,1.0195490703062449,0.0,0.7485662665539574,0.791749318141276,0.0,0.7621013955375376,0.645497893779039,0.5843159019245387,0.0,0.0,0.0,0.0,0.0,0.0,0.9068408587482224,0.4615581731933179,0.2972602739850972,0.0,0.0,0.9935102552757984,0.0,0.0,1.6470197314431279,0.6100311979400802,0.0,0.0,0.33752448597522583,0.0,0.0,0.9234775679928152,0.0,0.0,0.0,0.0,0.0
RSPagl,0.0,0.8840378809018887,5.196696825494145,0.0,0.0,0.0,0.0,0.0,0.0,0.0,0.0,0.0,0.0,0.0,0.0,0.0,0.0,0.0,0.0,0.0,0.48486356730405933,0.0,0.0,0.0,0.0,0.0,0.0,0.0,0.0,0.0,0.0,0.0,0.0,0.0,0.0,0.0,2.292574194190377,0.8265372216631182,0.0,0.0,0.0,0.0,0.0,0.0,0.0,0.0,0.0,0.0,1.0456680394453952,0.28560453192440743,0.0,0.0,0.0,0.0,0.0,14.804456799447681,13.600313275518955,0.8306307946331668,0.0,0.0,0.0,0.0,0.0,1.4351096643372316,0.0,0.0,14.309968827784996,0.0,0.0,0.0,0.0,0.0,0.0,0.0,0.0,0.0,1.9548345214225173,0.0,1.034921857680046,0.0,0.0,0.0,3.7713060447341173,0.0,0.0,0.0,0.0,0.0,0.0,0.0
RSPd,0.0,0.8681935051814003,1.171758792359135,0.0,0.0,0.0,0.0,0.0,0.0,0.0,0.0,0.0,0.0,0.0,0.0,1.499029172225893,0.0,0.0,0.0,0.0,0.6597351538338427,0.0,0.0,0.0,0.0,0.0,0.0,0.0,0.0,0.0,0.0,0.0,0.0,0.0,0.4803947195761616,0.0,0.4803947195761616,0.6014157884276665,0.0,0.0,0.0,0.0,0.0,0.0,0.0,0.0,0.0,0.0,0.0,0.0,0.0,0.0,0.0,0.0,0.0,4.2389172024259585,2.3463724647072155,1.5346066570296568,0.0,0.0,0.0,0.0,0.0,0.0,0.0,0.0,0.6438652890876212,0.0,0.0,0.0,0.0,0.0,0.0,0.47097644638473973,0.0,0.0,1.8998564960156727,0.0,0.32415442918271353,0.0,0.0,0.6458952604715689,0.6952270026960935,0.0,0.0,0.0,0.6168516078794781,0.0,0.8242586834084626,0.0
RSPv,0.0,1.066163051698908,1.2445274564276887,0.0,0.0,0.0,0.0,0.0,0.0,0.0,0.0,0.0,0.0,0.0,0.0,1.2038682475548739,1.058063663884494,0.44346021835857874,0.0,0.0,0.9951138871187722,0.2972602739850972,0.0,0.0,0.9523981720309143,0.0,0.0,0.0,0.0,0.0,0.0,0.0,0.39133117642651183,0.0,0.0,0.4447549391703508,0.0,1.4684994532189461,0.27667938586877794,0.0,0.0,0.0,0.0,0.0,0.0,0.0,0.0,0.5263917909887205,1.491237268993422,0.41385287707810076,0.0,0.0,1.1780710456471926,0.0,0.0,0.8029927970210966,2.973911257912966,2.5993495749089206,1.2024600230263227,0.0,0.0,0.0,0.7184707942544656,0.6182907012421982,0.0,0.0,0.24059999728540915,0.4795014737360641,0.0,0.0,0.0,1.099939581057365,0.0,0.28560453192440743,0.759285204379233,0.0,0.6869345953223636,0.9068393943860764,1.2806782714237508,0.928727520328457,1.7115102533905453,0.8657351801643849,0.6427752894720781,1.253856554587412,0.0,0.0,0.8349537625561251,0.0,0.47616803496337295,1.2967181962111376
RT,0.0,0.0,0.0,0.0,0.0,0.0,0.0,7.154131881131218,0.0,0.0,0.0,0.0,0.0,0.0,1.0178089234421932,0.0,0.0,0.0,0.0,2.294759821486514,0.0,0.0,0.0,0.0,0.0,0.0,0.0,0.0,0.0,1.8514150798870417,2.084549198238625,0.0,5.0571931167018915,0.0,3.3251271270006306,0.0,0.0,0.0,0.0,0.0,0.0,0.0,0.0,0.0,0.0,0.0,0.0,4.32312342078218,0.0,0.0,0.0,0.8954199278665896,0.4615581731933179,0.0,1.4356351486101624,0.0,0.0,0.0,3.62610268257433,0.0,0.0,5.232555453943071,0.0,0.0,0.0,0.0,0.0,0.0,0.0,0.0,0.0,0.0,0.0,0.0,3.53009499382721,0.0,0.0,0.0,0.0,0.0,0.0,0.0,0.0,0.0,0.0,0.741335924178912,3.0291281412833344,0.6021466592183102,3.202290978055805,0.37036024617183794
SGN,0.0,0.0,0.0,0.0,0.0,0.0,0.0,0.0,0.0,3.3533235062795548,1.3107867745034332,0.9193696841445531,0.0,0.0,0.0,0.7049343011733037,0.0,0.0,0.0,0.0,0.8807084351270946,0.0,0.0,0.0,0.0,0.0,0.0,0.0,0.0,0.0,0.0,0.5,0.0,0.0,0.0,0.0,0.0,0.0,0.0,0.0,0.0,0.0,0.0,0.0,0.0,0.0,0.0,0.0,0.0,0.0,0.0,0.0,0.0,0.0,0.0,0.0,0.0,0.0,0.0,0.0,0.0,0.0,0.0,0.0,0.0,0.0,0.0,0.0,0.0,4.5248068385234985,0.0,0.0,0.0,0.0,0.0,0.0,0.0,1.2679292665678825,0.0,0.0,0.0,0.0,0.0,0.0,0.0,0.0,0.0,0.0,0.0,0.0
SI,0.6689496290341086,0.0,0.0,0.8268673032094386,0.0,0.0,0.0,0.0,0.0,0.0,0.0,0.0,0.0,0.0,0.0,0.0,0.0,0.0,0.0,0.0,0.0,0.0,0.0,0.0,0.0,0.0,0.0,0.0,0.0,0.0,0.0,0.0,0.0,0.0,0.0,0.0,0.0,0.0,0.0,0.0,0.0,0.0,1.6021791790567506,0.0,0.0,0.0,0.0,0.0,0.0,0.0,0.0,0.0,0.0,0.0,0.0,0.0,0.0,0.0,0.0,0.0,6.453870951227332,0.0,0.0,0.0,0.0,0.0,0.0,0.0,0.0,0.0,0.0,0.0,0.0,0.0,0.0,0.0,0.0,0.0,0.0,0.0,0.0,0.0,0.0,0.0,0.0,0.0,0.0,0.0,0.0,0.0
SMT,0.0,0.0,0.0,0.0,2.0524572967271224,0.0,2.1567392543124075,1.4709764463847397,3.3855182823477623,0.0,0.0,0.0,0.0,0.0,0.0,0.0,0.0,0.0,0.0,0.0,0.5095311371244227,0.0,0.0,0.0,0.0,0.0,0.0,0.0,0.0,0.0,0.0,0.0,0.0,0.0,0.0,0.0,0.0,0.8021621779102249,0.0,3.1371073933116618,0.0,1.8008645759305952,0.0,0.0,0.0,0.0,0.5567838450385775,0.0,0.0,0.0,0.0,0.0,0.0,0.0,0.5983843572706867,0.0,0.0,0.0,0.9443872601424319,0.0,0.0,1.363843561132912,0.0,0.0,0.0,0.0,0.0,0.0,0.0,0.0,0.0,0.0,0.0,0.0,0.4615581731933179,0.0,0.0,0.0,0.0,0.0,0.0,0.0,0.0,0.0,0.0,0.45172614095256747,0.0,0.0,0.0,0.0
SSp-bfd,0.0,1.1223830989208305,1.056834761687233,0.0,0.4803947195761616,0.5054077594636647,0.0,0.0,0.0,0.743643417646207,0.5065009965229971,0.4070384039732791,0.7253479192696513,0.0,0.0,0.3928396815911794,0.5191812274705788,0.0,0.9888505972363665,0.0,0.9559237404980777,0.5993565675448347,0.8718216257495525,0.9528304764926337,0.0,0.0,0.0,0.0,1.4648249202679064,0.0,0.0,0.3908653924017294,0.33516002301781966,0.0,0.0,0.8201084650003311,0.6740578845639793,1.288571938766264,0.0,0.0,0.0,0.0,0.0,0.0,0.0,0.0,0.5181479607079436,2.262036329579413,0.0,0.4146164413058385,0.0,0.0,0.905264192169156,0.0,0.0,0.6980949503201223,1.0803022345288895,1.78313044764225,0.8486818617324932,0.0,0.0,0.0,3.9546043899547443,0.9945157293643776,1.0785884552038278,1.587281663004893,0.8355534865591572,1.1428570076430027,6.159718566517373,2.0037087631850716,0.0,0.6487559437741479,0.0,0.18393972058572114,1.707393661519075,1.0159919058934335,2.0027349428563417,0.9550719403228759,0.5494220888133473,0.6813135759457432,0.33516002301781966,0.9131657401928768,0.9507121519421989,1.3072924783211717,2.0183300520432175,0.0,1.0566906429107867,0.37202046579884296,1.295982593698628,0.6227693393156452
SSp-ll,0.0,0.0,0.4363247042570631,0.0,1.1856522469837671,0.0,0.0,0.0,0.0,0.0,0.0,0.0,0.0,0.0,0.0,0.0,0.5544610305613322,0.0,0.0,0.0,1.1471517714630397,0.0,0.0,1.221304484718429,2.0379537609227203,0.0,0.0,0.0,0.7600326248053886,0.0,0.0,0.0,0.0,0.0,0.42173461905650356,1.0362661855521487,1.5544935392403259,0.6092029377321538,0.0,0.0,0.0,0.0,0.0,0.0,0.0,0.0,0.0,0.559922508715794,0.0,0.399794982300261,0.0,0.0,0.23477212625506427,0.0,0.0,0.6173213650328271,0.0,0.0,0.5182709972218393,0.0,0.0,0.0,0.5315269512597082,6.232406042793683,0.0,1.1015524670966417,1.0892456562304544,1.781357363654653,1.4466556251515001,0.6166992686474266,0.0,0.0,0.0,0.0,0.4803947195761616,0.0,0.28560453192440743,0.0,1.796550661216661,0.0,0.0,0.0,0.0,0.0,0.0,0.0,1.228010282672708,0.0,1.008723372676584,0.0
SSp-m,0.0,0.0,0.6206438513768557,1.0175459547704195,0.8808382612896292,1.0515718431294416,1.0284391703944977,0.0,0.0,0.0,0.0,0.0,0.0,1.134442694959923,0.0,0.0,0.507059584668359,0.41609893671487613,1.1241119300791511,0.9324180736346489,0.8416401049923353,0.0,0.0,0.0,0.0,1.2915633525397006,0.6643344401618827,1.4214893911759088,1.2431148292764431,0.0,0.0,0.0,0.0,0.0,1.005233739047435,0.0,1.5096959844473574,1.0283120810097428,0.0,0.0,0.0,0.0,0.0,0.0,0.0,0.21585526171453984,0.6861415665628577,1.7362579701881833,0.0,0.5,0.0,0.0,0.0,0.0,0.0,0.0,0.0,0.0,0.9390316460775221,0.0,0.0,0.6450645901094383,0.0,0.4803947195761616,3.733118306868971,4.008056400859179,0.0,3.2338598480192697,1.5192198452504166,2.0354147626191654,0.0,0.0,0.0,0.191446442987556,1.5504147344907055,1.1815273423959571,0.0,0.0,0.0,0.0,0.0,0.0,0.0,0.0,0.0,1.399309286243466,1.0222961512274107,1.8073872682423995,1.6789381333584303,2.441394117978489
SSp-n,0.0,0.0,0.8556865055809955,0.0,0.7381157697337772,1.1029102544001315,0.0,0.0,0.0,0.6062293546691374,0.0,0.0,0.0,0.0,0.0,0.0,0.44491696547561654,0.0,0.9962204704524683,0.0,1.0472340505301119,1.0173420813084448,3.2187163441949007,2.067475930041059,0.0,0.7643776972914207,0.0,0.0,0.6300819941064203,0.0,0.0,0.0,0.0,0.0,2.876835460105064,0.9009032503341098,0.4349307020054755,1.0080394388801095,0.0,0.0,0.0,0.0,0.0,0.0,0.0,0.0,0.0,2.813442002597031,0.0,0.3917881918674443,0.0,0.0,0.0,0.0,0.0,0.0,0.0,0.4737059772506598,0.6734516059816096,0.0,0.0,0.0,3.3317379512088876,0.0,1.2959771204924082,4.231926441630394,0.0,1.6524868382124156,3.5634711962839685,2.510432648398853,0.0,1.524817698678984,0.0,0.0,0.50456688718046,1.3561187412949272,0.0,0.0,0.0,0.0,0.0,0.0,0.0,0.0,0.0,0.849908348603452,0.7950152399300403,0.6093233720849698,1.2744488884993994,1.5783165150466907
SSp-tr,0.0,0.4093653765389909,0.0,0.0,0.0,0.0,0.0,0.0,0.0,0.4615581731933179,0.7421520935687922,0.4093653765389909,0.21585526171453984,0.0,0.0,0.0,0.0,0.0,0.0,0.0,0.8329348887463403,0.0,0.0,0.4803947195761616,0.0,0.0,0.0,0.0,0.0,0.0,0.0,0.0,0.0,0.0,0.0,0.0,0.8041558551342197,0.9370862774990945,0.0,0.0,0.0,0.0,0.0,0.0,0.0,0.0,0.0,0.0,0.0,0.0,0.0,0.0,0.0,0.0,0.0,1.8547680888561768,2.3346212579556473,0.37940922358920753,0.0,0.0,0.0,0.0,1.0087944932964188,7.278815563024298,0.0,0.0,0.6978226684259585,11.518545071642565,1.891197831227605,0.8113522598112727,0.0,1.0240630206457533,0.0,0.0,0.0,1.0,1.0058660963349468,0.5817239898871808,9.293871808951078,0.5234060861102449,1.1671620837003063,0.5315323666059829,0.0,0.0,0.7097862713805461,0.0,0.0,0.0,0.0,0.0
SSp-ul,0.0,0.0,1.2027056264363472,0.0,0.7290647502829861,0.6862226552519286,0.0,0.0,0.0,0.4803947195761616,0.0,0.0,0.0,0.0,0.0,0.0,0.4641054351161082,0.31745333067306736,0.0,0.0,0.9066928271273631,0.4803947195761616,0.0,0.0,0.0,0.0,0.0,0.0,2.2438473292805057,0.0,0.0,0.0,0.4093653765389909,0.0,0.0,0.3928022659622037,1.4643795995065783,1.0588732462141925,0.0,0.0,0.0,0.0,0.0,0.0,0.0,0.0,0.0,2.8774928651005,0.0,0.24337612797998584,0.0,0.0,0.4803947195761616,0.0,0.0,0.0,0.0,0.6344426949599229,0.8849461731774463,0.0,0.0,2.082376965099506,0.5500024445837827,1.7303658348768465,3.0714560905235615,1.3914405815431687,0.4833766229232596,4.401849620375239,1.665726390695449,1.2842056895339145,0.0,0.0,0.0,0.0,2.4861480342742674,0.876735575801263,0.0,0.0,0.0,0.0,0.0,0.0,0.0,0.0,0.0,1.192284135282892,0.7678717947133472,1.0910037202484855,0.9672408140897165,0.5280938860929136
SSp-un,0.0,0.0,0.0,0.0,0.5394640960241737,0.9442644164085682,0.0,0.0,0.0,0.3488381630355155,0.4803947195761616,0.0,0.0,0.0,0.0,0.0,0.3998251968011382,0.4615581731933179,0.0,0.0,0.9360034009560462,0.4093653765389909,0.8184949096548179,0.6020827835661545,0.0,0.0,0.4093653765389909,0.0,2.5345190282640093,0.0,0.0,0.0,0.8279848140455282,0.0,0.0,0.0,0.8933262656988499,0.9287988632483496,0.0,0.0,0.0,0.0,0.0,0.0,0.0,0.0,0.4598395379976393,1.3301424867150387,0.0,0.0,0.0,0.0,0.7148666693761127,0.0,0.0,0.0,0.0,0.0,0.0,0.0,0.0,0.0,2.123631162241639,0.7332898114777285,1.470664652269796,1.604219257867653,0.8646081137980677,1.8952722366837527,5.152266502496085,0.7352117466620535,0.0,0.9347890949497426,0.0,0.0,1.7265399636406553,0.7028684022162299,2.601548960671952,0.0,0.0,0.0,0.0,0.0,0.0,0.0,0.0,0.32685936751265876,0.8230731306546583,1.191586978797735,0.9521325133449279,0.0
SSs,0.0,1.328235141311695,0.5497324220566951,0.7622802793087651,1.2245165058044207,0.8495062106029526,1.1225428624397373,0.0,0.0,2.3181933502489738,1.6452956446665872,2.5561960559696795,1.419534708858871,0.33341908179579544,0.0,0.8786101821058885,0.6340721735267802,0.8668952675987485,1.3170900372188248,0.0,1.0058086634465677,0.5002068037948655,0.8446851298949033,1.6770647150062168,0.0,1.8099355668394117,0.2533084961827948,0.803020607899668,2.4377072674001106,0.0,0.0,0.0,0.0,0.0,0.0,3.760800620888894,1.0029282801219053,0.9974362489643308,0.0,0.43205593789940144,0.0,0.0,0.0,0.0,0.0,0.0,0.49790995514042824,1.520023524376778,0.0,0.7972602739850972,0.0,0.0,0.7308153652431435,0.0,0.0,0.7738749006357741,0.8370838912291901,1.0006666416852117,0.7669278217424187,0.0,0.191446442987556,1.3767795497521818,1.3761481353626965,1.0364177178990128,1.1571817935377817,1.1335797905822098,1.2559097427416144,1.3854609337436297,1.3331626053543384,2.4902853156962497,0.0,1.1161251915369634,0.0,0.0,3.579076012139749,1.7878333064982597,1.3651820435916693,2.53027412302599,1.9772787077687843,0.8212273940527316,0.0,0.9219714915378988,0.7707446334471356,1.3528255948975696,1.3746298523187763,2.003639886925272,0.8999664993559112,2.4313807629849333,1.5407079605478995,3.3798949622002166
SUB,0.0,0.0,0.0,0.0,0.0,0.0,0.0,0.0,0.0,0.0,0.0,0.0,0.0,0.0,0.0,0.5,0.0,0.0,0.0,0.0,0.0,0.0,0.0,0.0,0.2533084961827948,0.0,0.0,0.0,0.0,0.0,0.36307451853684547,0.4260718944831057,0.0,0.0,0.0,0.0,0.0,0.0,0.5627001920858652,0.0,0.0,0.0,0.8737086501094383,0.0,0.0,0.0,0.0,0.0,0.0,0.0,0.0,0.0,0.0,0.0,0.0,0.0,0.0,0.0,0.0,0.0,0.0,0.0,0.0,0.0,0.0,0.0,0.0,0.0,0.0,0.0,28.68883842640119,0.0,0.0,0.0,0.0,0.0,0.0,0.0,0.0,0.0,0.0,0.0,0.0,0.0,0.0,0.0,0.0,0.0,0.0,0.0
TEa,0.0,0.0,0.0,0.0,0.0,1.0957031156250592,0.0,0.0,0.0,0.7901463521403624,0.9661497209430567,1.1726444892618921,1.3240388070272264,0.4803947195761616,0.0,0.6229094013889374,0.0,0.0,0.0,0.0,0.9871417096877493,0.0,1.2785774354682848,0.8666576658256047,0.902192665474757,1.1382659713109218,0.0,0.2073914558407907,0.8354372710220965,0.0,0.0,0.0,0.0,0.0,0.0,0.0,0.9280750328894133,0.8553077242164009,0.0,0.0,0.0,0.0,0.0,0.0,1.3807791617176175,0.0,0.57772313189016,0.0,0.4615581731933179,0.0,0.0,0.0,0.0,0.7568499003789498,0.0,0.5686656783311019,0.6710278891933983,0.6916929943283742,0.0,0.0,0.0,0.0,0.9006554177830847,1.213346393725748,0.7810229256650544,0.7031353390456325,1.0886128442797132,1.0110626642002651,0.8629896303237112,0.9105657177555684,0.4260718944831057,1.5926519733019167,0.0,0.0,0.0,0.3170149292988008,0.7209579358361808,1.0073493857611233,1.0561308863636107,0.8001412848515269,1.5637354534449732,1.1743151756968366,1.0860215201771095,1.2791693136039324,0.707148953978671,0.0,0.0,0.0,0.0,0.0
TR,0.0,0.0,0.0,0.5558514240465253,1.7147683783060903,0.0,0.0,0.0,0.0,0.0,0.0,0.0,0.0,0.5822919396521181,0.5579955135315395,1.2481860342598714,0.0,0.2972602739850972,0.5259803959709861,0.0,0.4803947195761616,0.0,0.0,0.36307451853684547,1.4429081792702576,0.434649564787667,0.0,0.0,0.0,0.0,0.0,0.0,0.0,0.0,0.0,0.0,0.0,0.0,0.0,0.0,0.0,0.0,0.0,0.0,0.0,0.0,0.0,0.0,0.0,0.0,0.0,0.0,0.0,0.0,0.0,0.0,0.0,0.0,0.0,0.0,0.0,0.0,0.0,0.0,0.0,0.0,0.0,0.0,0.0,0.0,0.2972602739850972,0.0,1.4299194914315279,0.0,0.0,0.0,0.0,0.0,0.0,0.0,0.0,0.0,0.0,0.0,0.0,0.0,0.0,0.0,0.0,0.0
TRN,0.0,0.0,0.0,0.0,0.0,0.0,0.0,0.0,0.0,0.0,0.0,0.0,0.0,0.0,0.0,0.0,0.0,0.0,0.0,0.0,0.0,0.0,0.0,0.0,0.0,0.0,0.0,0.0,0.0,0.0,0.0,0.0,0.0,0.0,0.0,0.0,0.0,0.0,0.0,0.0,0.0,0.0,0.0,0.0,0.0,0.0,0.0,0.0,0.0,0.0,0.0,0.0,0.0,0.0,0.0,0.0,0.0,0.0,0.0,0.0,0.0,0.0,0.0,0.0,0.0,0.0,0.0,0.0,0.0,0.0,0.0,0.0,0.0,0.0,0.0,0.0,0.0,0.0,0.0,0.0,0.0,0.0,0.0,0.0,0.0,0.0,0.0,0.0,0.0,0.0
VAL,0.0,0.0,0.0,0.0,0.0,0.0,0.0,0.0,0.0,0.0,0.0,0.0,0.0,0.0,0.0,0.0,0.0,0.0,0.0,0.0,0.5315772590479371,0.0,0.0,0.0,0.0,0.0,0.0,0.0,0.8134998670368979,0.0,0.0,0.0,0.0,0.0,0.0,0.0,3.322709722491977,0.8463541929076653,0.0,0.0,0.0,0.0,0.0,0.0,0.0,0.0,0.0,0.5,0.0,0.0,0.0,0.0,0.0,0.0,0.0,0.0,0.0,0.0,0.0,0.0,0.0,0.0,0.18393972058572114,0.0,0.9227745539140085,0.6896842087783865,0.0,6.31924527712469,0.9184485323305219,5.526918402288138,0.0,0.0,0.0,0.0,0.8933139305332767,0.0,0.0,0.0,0.0,0.0,0.0,0.0,0.0,0.0,0.0,0.0,0.6222626997784053,0.0,1.2991371120716835,0.0
VISC,0.4803947195761616,0.36871136369345475,0.0,1.0219872749368475,0.8698785217749662,0.8299146407222827,0.3093916959030704,0.0,0.0,1.0455855315410103,0.0,0.0,1.0234338550003441,0.28560453192440743,0.0,2.2989096943427354,0.0,0.5028376618938744,0.7349710659584864,0.0,0.7588958930213241,0.46126894054113715,0.8991546414050923,0.7213010217884527,0.0,1.84581713033749,0.3424696528995761,0.5503673776978851,1.0131801370189852,0.0,0.0,0.0,0.0,0.0,0.0,1.575646226468382,0.8055015972034317,0.8368647145886683,0.0,0.0,0.32657096438091016,0.0,0.0,0.0,0.0,0.6016036919376283,0.9807086958474935,0.0,0.0,0.0,0.0,0.0,0.8024129301177323,0.0,0.0,0.8709235497323088,0.0,0.0,0.0,0.0,0.9745967337281669,0.0,0.8438230647897375,0.9711535504764327,0.7016595526777065,0.7469912281789785,0.7329080168459602,0.7988992586796874,1.2083743364318245,1.3279175458789492,0.0,0.9709274023326592,0.0,0.0,0.0,1.6211587285875004,0.7090057154307443,0.0,0.0,0.0,0.0,0.0,0.0,0.0,0.4803947195761616,0.0,0.0,0.0,0.0,0.0
VISa,0.0,0.8593354054252719,0.0,0.0,0.0,0.0,0.0,0.0,0.0,0.0,0.0,0.37168806398999293,0.0,0.0,0.0,0.7067114651820021,0.44346021835857874,0.0,0.0,0.0,0.46411740529294193,0.0,0.0,0.0,0.0,0.0,0.0,0.0,0.0,0.0,0.0,0.0,0.5849898551083738,0.0,0.0,0.0,0.0,0.6178650741470728,0.0,0.0,0.0,0.0,0.0,0.0,0.0,0.0,0.0,0.0,0.0,0.0,0.0,0.0,0.0,0.0,0.0,2.405795303434355,0.9694475614566194,0.9368543250547191,0.0,0.0,0.0,0.0,1.4376279351208432,0.24337612797998584,0.0,0.0,1.2421342755848601,0.0,0.0,0.4260718944831057,0.0,0.4803947195761616,0.0,0.0,0.0,0.0,0.9478896826533706,0.4594335569398442,0.7072057968169333,0.0,0.0,0.9488800558071973,0.4122610562154279,0.4803947195761616,1.1082281243034966,0.0,0.6142369767755482,0.0,0.5074877377109628,0.0
VISal,0.0,0.0,0.0,0.0,0.0,0.6727765429799523,0.0,0.0,0.0,0.671655601957526,0.0,0.6361005364457655,0.31745333067306736,0.0,0.0,0.7563475683639389,0.0,0.0,0.0,0.0,0.9761588681168296,0.2972602739850972,1.0883864327118702,0.8607351419626412,0.0,0.0,0.0,0.0,0.0,0.0,0.0,0.0,0.0,0.0,0.0,0.0,0.0,1.566331308882324,0.0,0.0,0.0,0.0,0.0,0.0,0.5578213447653706,0.0,0.0,0.0,0.0,0.0,0.0,0.0,0.0,0.18393972058572114,0.0,0.575471516486625,0.5621088683473924,0.4903870869442265,0.0,0.0,0.0,0.0,1.9333885132466648,0.0,0.0,0.0,0.7673723302289218,0.0,0.2972602739850972,1.1103908027675506,0.0,0.7289558488777041,0.0,0.0,0.0,0.5115156349009122,0.35331282526204405,2.350203913756818,0.0,1.036313075505333,0.4069520364566391,1.1852829226736563,0.693011077863639,0.4698130546353436,1.3856031289205444,0.0,0.0,0.0,0.0,0.0
VISam,0.0,0.9854942379484053,0.7746289791764689,0.0,0.0,0.0,0.0,0.0,0.0,1.0263824117090834,0.0,0.8438127651650195,0.0,0.0,0.0,0.7749776420718794,0.0,0.0,0.0,0.0,0.0,0.0,0.0,0.0,0.0,0.0,0.0,0.0,0.0,0.0,0.0,0.0,0.0,0.0,0.0,0.0,0.0,1.304012979656025,0.0,0.0,0.0,0.0,0.0,0.0,0.0,0.0,0.0,0.0,0.0,0.0,0.0,0.0,0.0,0.0,0.0,7.385653339595635,0.4970491881725704,0.7899919666553153,0.0,0.0,0.0,0.0,0.0,0.0,0.0,0.0,0.0,0.0,0.0,0.4546826882694954,0.0,0.0,0.0,0.0,0.0,0.0,0.6461491906970471,0.895945996835424,2.153367123313475,0.8256737215006053,0.7231547357034038,0.5999223208980727,1.3753875541530174,1.352058281334626,0.6196065833772882,0.0,0.0,0.0,0.0,0.0
VISl,0.0,0.0,0.0,0.0,0.0,0.0,0.0,0.0,0.0,0.5591737177069005,1.0034700693541387,1.2194396317320113,0.0,0.0,0.0,0.5765017942497052,0.0,0.0,0.0,0.0,0.0,0.0,0.0,1.3523758892781328,3.4737071483252633,0.0,0.0,0.0,0.0,0.0,0.0,0.0,0.0,0.0,0.0,0.0,0.0,0.0,0.0,0.0,0.0,0.0,0.0,0.0,0.6954809297845023,0.0,0.0,0.0,0.0,0.0,0.0,0.0,0.0,0.0,0.0,1.565990658025099,1.212857806227245,0.6252460914945501,0.0,0.0,0.0,0.0,0.9347057006852388,0.0,0.0,0.0,0.0,0.0,0.0,0.22466448205861075,0.0,0.6724770739575904,0.0,0.0,0.0,0.0,1.6997728898774165,6.8074517533116286,2.675789967376021,13.28052796256725,2.1336114141184006,1.9783870287388128,2.480445223622534,0.5043908677324661,1.679524198208268,0.0,0.0,0.0,0.0,0.0
VISli,0.0,0.0,0.0,0.0,0.0,0.0,0.0,0.0,0.0,0.0,0.0,0.0,0.0,0.0,0.0,0.0,0.0,0.0,0.0,0.0,0.7763685808394603,0.0,0.0,0.0,0.0,0.0,0.0,0.0,0.0,0.0,1.3923757700561339,0.6284203907545562,0.7495064630687265,0.0,0.0,0.0,0.0,0.0,0.0,0.0,0.0,0.0,0.0,0.0,0.0,0.0,0.0,1.392980212420964,0.0,0.0,0.0,0.0,0.0,0.0,0.0,3.759212379168697,1.4482279898522095,0.961558173193318,0.0,0.0,0.0,0.0,0.0,0.0,0.0,0.0,0.0,0.0,0.0,0.0,0.0,1.5355871714557565,0.0,0.0,0.0,0.0,0.0,0.44488004805757625,0.0,6.257884238702669,3.574431470256224,1.1535756047909325,0.6987554172709852,1.1918779224978013,0.0,0.0,3.0607145366756434,0.0,0.0,0.0
VISp,0.0,0.0,0.0,0.0,0.0,0.0,0.0,0.0,0.0,1.0517859808210792,0.0,0.7303947195761615,0.0,0.4040347763650206,0.0,0.6465011951294263,0.0,0.0,0.0,0.0,0.7096638288598873,0.0,0.0,0.0,0.8528255948975696,0.0,0.0,0.0,0.0,0.0,0.0,0.9050183915518965,0.5380453636590578,0.0,0.0,0.0,0.0,0.0,0.0,0.0,0.0,0.0,0.0,0.0,0.0,0.0,0.0,1.1755788193276926,0.18393972058572114,0.0,0.0,0.0,0.0,0.0,0.0,0.5806335152752219,0.5314760080531207,0.6738738597824335,0.0,0.0,0.0,0.0,2.0184554734047158,0.0,0.0,0.0,0.0,0.0,0.0,0.49954562791144635,0.0,0.7241219268992011,0.0,0.0,0.0,0.0,1.1917143680107452,0.9980180098034793,1.370546103870614,2.075460649740683,1.0774889820597144,4.746607112876771,1.8389728516095323,0.5574658618836508,3.494476986207205,0.0,0.0,0.0,0.0,0.0
VISpm,0.0,0.0,0.0,0.0,0.0,0.0,0.0,0.0,0.0,0.0,0.0,0.0,0.0,0.0,0.0,0.0,0.0,0.0,0.0,0.0,0.5784558734495736,0.0,0.0,0.0,0.0,0.0,0.0,0.0,0.0,0.0,0.0,0.28560453192440743,0.0,0.0,0.0,0.0,0.9419528927694795,1.0448976058550679,0.0,0.0,0.0,0.0,0.0,0.0,0.0,0.0,0.0,0.0,0.0,0.44346021835857874,0.0,0.0,0.0,0.0,0.0,0.9948634695105981,0.0,0.0,0.0,0.0,0.0,0.0,0.4093653765389909,0.0,0.0,0.0,0.0,0.0,0.0,0.0,0.0,0.0,0.0,0.0,0.0,0.0,0.4980685382182411,0.4695442525101286,0.7179657035284785,1.1549925164628216,0.0,1.2768076907483157,3.7968380360966174,0.0,0.4615581731933179,0.0,0.0,0.0,0.0,0.0
VISpor,0.0,0.0,0.0,0.0,0.0,0.0,0.0,0.0,0.0,0.0,2.0061687193578845,1.086219204673248,7.313743801351566,0.0,0.0,0.28560453192440743,0.0,0.0,0.0,0.0,0.8627218399043312,0.0,1.001601432535461,1.7711825975084037,0.7536392167929071,0.0,0.0,0.0,0.0,0.0,0.0,0.0,0.0,0.0,0.0,0.0,0.0,0.0,0.0,0.0,0.0,0.0,0.0,0.0,4.084515499898897,0.0,0.0,0.0,0.9064666140592672,0.0,0.0,0.0,0.0,0.0,0.0,0.0,0.0,0.0,0.0,0.0,0.0,0.0,0.0,0.0,0.0,0.0,0.0,0.0,0.0,0.0,0.0,4.217468948304315,0.0,0.0,0.0,0.0,0.0,0.0,0.0,0.0,0.9911187493962754,0.5572521957799192,0.0,3.302810568521609,0.0,0.0,0.0,0.0,0.0,0.0
VISrl,0.0,0.6411170912461974,0.0,0.0,0.0,0.0,0.0,0.0,0.0,0.18393972058572114,1.077253651118998,0.0,0.4803947195761616,0.0,0.0,0.4771102082699491,0.0,0.0,0.0,0.0,0.797280108259701,0.0,0.6376436876996374,1.0072259457703334,0.7265514900183315,0.0,0.0,0.0,0.0,0.0,0.0,0.0,0.0,0.0,0.0,0.0,0.0,1.4234994357803472,0.0,0.0,0.0,0.0,0.0,0.0,0.0,0.0,0.0,0.0,0.0,0.0,0.0,0.0,0.0,0.0,0.0,0.6401650493235027,0.829232882611677,0.6908512727699946,0.0,0.0,0.0,0.0,2.9768667105880184,0.6087911855844671,0.0,0.0,1.1706866890765475,0.0,0.0,2.623821103112564,0.0,0.8771327681079386,0.0,0.0,0.0,0.0,1.483370891707558,1.3078761062132556,0.634722253495596,1.0391796828764044,0.829232882611677,1.5010574596126436,0.7046515489987589,0.6539333014717801,5.2497049829243645,0.0,0.9317681581459422,0.0,1.0078112235974315,0.0
VM,0.0,0.8557808831494388,0.0,0.0,1.257695855532753,0.0,1.4568679270010798,0.0,0.0,0.0,0.0,0.0,0.0,0.0,0.0,0.0,0.0,0.0,1.2682894692161102,0.0,1.1539851993499897,0.0,0.0,0.0,0.0,0.6991922850142878,0.9415402487347548,0.0,2.202283294563273,0.0,0.0,0.0,0.0,0.0,0.0,0.0,1.5131925885823363,1.2774922664143795,0.0,0.6237870172693563,0.0,0.3220182105415707,0.0,0.0,0.0,0.0,3.1297668986410008,0.0,0.0,0.0,0.0,0.0,0.0,0.0,0.0,0.0,0.0,0.0,1.6786292611308267,0.0,0.0,0.0,0.3488381630355155,0.7896579176116536,0.826342174615206,0.4272602637433988,0.0,1.2541624784247185,1.0320551022391784,0.5725505635187533,0.0,0.0,0.0,0.0,1.178242145835542,0.0,0.0,0.0,0.0,0.0,0.0,0.0,0.0,0.0,0.0,1.439598859519997,0.0,0.0,0.5412706893972359,0.0
VPL,0.0,0.0,0.0,0.0,0.0,0.0,0.0,0.0,0.0,0.9066987939328125,1.5739569818080432,0.6655437369340343,1.076354101482171,0.0,0.0,0.4093653765389909,0.0,0.0,0.0,0.0,0.693140731898419,0.0,0.0,0.0,0.0,0.0,0.0,0.0,0.0,0.0,0.0,0.0,0.0,0.0,0.0,0.0,3.100223111969441,1.6314162416032894,0.0,0.0,0.0,0.0,0.0,0.0,0.0,0.0,0.0,0.49019735978808077,0.0,0.0,0.0,0.0,0.0,0.0,0.0,5.866253995607472,0.44346021835857874,0.0,1.1764458312101918,0.0,0.0,0.0,1.3041424231932621,2.528926352916129,2.9716575660394384,1.2734920381607415,3.5367539687500393,3.5732160465693243,1.8566471462530152,1.231430396365199,0.0,0.8409114011429271,0.0,0.0,0.5,2.6767313263856254,3.0223238390197116,1.6931023567833392,1.7046594873788874,0.0,0.0,0.0,0.4929959877651982,0.0,2.973965300931506,0.0,0.7854665113314692,0.0,0.6611908240207549,0.0
VPLpc,0.0,0.0,0.0,0.0,0.47705097491196347,0.6769762990995885,0.0,0.0,0.0,0.5939697760713872,0.0,0.0,0.7050592016347723,0.0,0.0,0.0,0.0,0.0,0.41771863551104826,0.0,0.6717016341239272,0.0,0.0,0.0,0.0,0.0,0.0,0.0,2.1638579736635184,0.0,0.0,0.0,0.0,0.0,0.0,0.9586696090894493,1.8574535637372642,0.0,0.0,0.0,0.0,0.0,0.0,0.0,0.0,0.0,0.0,0.0,0.0,0.0,0.0,0.0,6.270767119174387,0.0,0.0,0.0,0.0,0.0,0.6835352714018632,0.0,0.0,0.0,0.4161109250461668,0.0,1.2670630607101216,0.0,0.0,0.0,0.0,2.5836907464391223,0.0,0.24337612797998584,0.0,0.0,0.0,2.1851910272178077,0.0,0.0,0.0,0.0,0.0,0.0,0.0,0.0,0.0,0.0,0.5007595674665383,0.0,0.6956141235408152,0.0
VPM,0.0,0.0,0.0,0.0,0.0,0.0,0.0,0.0,0.0,1.5972483196703928,0.5155872975524218,0.5444790560688089,2.114831711077255,0.0,0.0,0.7644367338805431,0.9399511361578196,0.0,0.28560453192440743,0.0,0.6420421129249134,0.0,1.7862798705794476,0.0,0.0,0.0,0.0,0.0,1.259328849626015,0.0,0.0,0.7965866987050507,0.5,0.0,0.0,1.0835871304255993,1.926871571723424,0.7879030560513596,0.0,0.0,0.0,0.0,0.0,0.0,0.0,0.0,0.0,0.5844166255151407,0.0,0.0,0.0,0.0,0.0,0.0,0.0,0.6021466592183102,0.0,0.0,1.0275537933797392,0.0,0.0,0.0,3.1106235106695523,0.22538379191038826,2.838102339233799,2.8419687894844428,2.031059326368911,2.5284709621184542,3.1551995840671805,2.1016855208306575,0.0,0.7993907907053188,0.0,0.0,0.4648570557182869,1.20096898114444,2.4581172907457614,0.8785735987307253,0.0,0.0,0.0,2.6196764296175625,0.0,0.0,1.6438375968341306,1.0393809720906004,0.8336871543290757,0.0,0.7076606868519782,0.0
VPMpc,0.0,0.0,0.0,0.0,1.1296685291909372,0.8985085877387049,0.0,0.0,0.0,0.0,0.0,0.0,0.0,0.0,0.0,0.0,0.0,0.0,0.0,0.0,0.914801394037433,0.0,0.0,0.0,0.0,0.0,0.0,0.0,3.3299121464466985,0.0,0.0,0.0,0.0,0.0,0.0,0.0,0.9294154953778794,0.0,0.0,0.0,0.0,0.0,0.0,0.0,0.0,0.0,0.0,0.9093653765389909,0.0,0.0,0.0,0.0,0.0,0.0,0.0,0.0,0.0,0.0,0.0,0.0,0.0,0.0,0.0,0.0,1.6042369055458872,0.0,0.0,0.0,0.0,2.6148816125671783,0.0,0.0,0.0,0.0,0.0,2.085664979815815,0.0,0.0,0.0,0.0,0.0,0.0,0.0,0.0,0.0,0.0,0.7819984199732772,0.9496499825620625,0.36602531692259305,0.0
